no,p1.atr_window,p1.atr_multiply,p1.ma_window,p1.short_term,p2.strategy,p2.begin_hour,p2.begin_minute,p2.hours,p2.sl.method,p2.sl.value,p2.target_profit,p2.trail_stop,p2.volume,p2.position_max,p2.timelimit,trade_num,profit,win_rate
0,37,2.9769275679347325,43,30,PPP,0,0,0,1,300,250,200,0.1,10,0,294,394.0,0.48639455782312924
1,31,2.3563859826554547,70,40,PPP,0,0,0,1,150,150,200,0.1,10,0,393,-1925.0,0.4300254452926209
2,88,2.5530376491142905,63,49,PPP,0,0,0,1,500,300,100,0.1,10,0,327,-6055.0,0.5198776758409785
3,69,3.0787896692812264,40,34,PPP,0,0,0,1,450,250,250,0.1,10,0,274,8288.0,0.5072992700729927
4,33,3.089961934841159,85,45,PPP,0,0,0,1,100,450,150,0.1,10,0,276,3467.0,0.286231884057971
5,14,1.4351871014232522,71,34,PPP,0,0,0,1,450,250,250,0.1,10,0,685,-4368.0,0.5021897810218978
6,16,2.979270755936284,91,36,PPP,0,0,0,1,100,500,150,0.1,10,0,310,4475.0,0.31290322580645163
7,98,1.2621472006657872,46,40,PPP,0,0,0,1,200,250,200,0.1,10,0,651,2061.0,0.4700460829493088
8,11,3.3962033158179548,33,41,PPP,0,0,0,1,450,450,150,0.1,10,0,261,7301.0,0.5210727969348659
9,21,2.2211382410558786,57,36,PPP,0,0,0,1,100,100,250,0.1,10,0,439,-487.0,0.36674259681093396
10,13,2.954974332527716,14,4,PPP,0,0,0,1,50,50,250,0.1,10,0,260,-3351.0,0.2076923076923077
11,37,2.9039808857195815,44,40,PPP,0,0,0,1,100,500,50,0.1,10,0,296,5681.0,0.34459459459459457
12,69,0.8922254249422253,10,41,PPP,0,0,0,1,400,450,100,0.1,10,0,788,704.0,0.5456852791878173
13,96,2.4318464643226143,62,12,PPP,0,0,0,1,450,150,250,0.1,10,0,364,-3288.0,0.45879120879120877
14,92,3.352651635440324,59,8,PPP,0,0,0,1,450,150,150,0.1,10,0,218,698.0,0.42660550458715596
15,21,0.8905998039492353,11,21,PPP,0,0,0,1,500,250,100,0.1,10,0,1140,4386.0,0.5394736842105263
16,75,2.1728978085991857,96,41,PPP,0,0,0,1,150,100,50,0.1,10,0,413,304.0,0.4188861985472155
17,62,1.085408041140202,90,37,PPP,0,0,0,1,50,500,50,0.1,10,0,764,2088.0,0.27225130890052357
18,83,3.1382093115401815,13,8,PPP,0,0,0,1,400,100,100,0.1,10,0,230,4849.0,0.48695652173913045
19,87,1.2113279580641394,11,45,PPP,0,0,0,1,500,100,100,0.1,10,0,645,3330.0,0.5209302325581395
20,76,1.8908696145200998,16,9,PPP,0,0,0,1,500,200,150,0.1,10,0,521,2272.0,0.45297504798464494
21,68,2.8643593668619522,58,10,PPP,0,0,0,1,400,150,200,0.1,10,0,270,-619.0,0.45185185185185184
22,50,0.546507479526519,55,13,PPP,0,0,0,1,450,100,150,0.1,10,0,1865,3257.0,0.5270777479892761
23,65,1.433630382541097,92,26,PPP,0,0,0,1,500,500,200,0.1,10,0,706,-556.0,0.5169971671388102
24,58,2.4316462523731666,36,23,PPP,0,0,0,1,400,150,50,0.1,10,0,396,4126.0,0.5126262626262627
25,52,3.3558255178935212,48,50,PPP,0,0,0,1,200,350,50,0.1,10,0,242,-3683.0,0.384297520661157
26,30,0.678043171202011,99,39,PPP,0,0,0,1,150,150,200,0.1,10,0,904,3966.0,0.48451327433628316
27,95,2.2574336616407678,99,26,PPP,0,0,0,1,250,250,100,0.1,10,0,443,627.0,0.4604966139954853
28,100,1.5943404805846013,86,37,PPP,0,0,0,1,300,350,200,0.1,10,0,571,2467.0,0.5096322241681261
29,36,2.425943266930529,63,27,PPP,0,0,0,1,300,400,150,0.1,10,0,395,-10297.0,0.43544303797468353
30,87,1.4478118166319303,10,41,PPP,0,0,0,1,200,50,200,0.1,10,0,593,5479.0,0.4957841483979764
31,33,2.2248936374079986,31,29,PPP,0,0,0,1,450,150,100,0.1,10,0,445,459.0,0.5191011235955056
32,62,2.6683174998296466,50,29,PPP,0,0,0,1,50,200,100,0.1,10,0,340,-923.0,0.22647058823529412
33,56,2.984685717894453,46,9,PPP,0,0,0,1,50,250,200,0.1,10,0,244,-3088.0,0.14754098360655737
34,44,3.0251637062067283,84,43,PPP,0,0,0,1,500,400,100,0.1,10,0,280,131.0,0.5071428571428571
35,67,0.8465599031830368,37,38,PPP,0,0,0,1,450,250,50,0.1,10,0,836,1169.0,0.55622009569378
36,96,3.33628345254556,45,19,PPP,0,0,0,1,300,500,200,0.1,10,0,238,-959.0,0.3907563025210084
37,64,0.8103068551729378,95,45,PPP,0,0,0,1,150,450,200,0.1,10,0,780,5387.0,0.4653846153846154
38,80,0.557535937113579,31,23,PPP,0,0,0,1,150,400,250,0.1,10,0,1331,-2711.0,0.47783621337340343
39,53,0.8908578240617577,38,32,PPP,0,0,0,1,350,500,200,0.1,10,0,916,6351.0,0.5349344978165939
40,73,3.388749271974791,53,13,PPP,0,0,0,1,300,150,250,0.1,10,0,218,-446.0,0.41743119266055045
41,20,0.7086154344360546,50,4,PPP,0,0,0,1,50,200,150,0.1,10,0,1510,-1957.0,0.2675496688741722
42,24,2.3123352340912255,32,45,PPP,0,0,0,1,50,250,150,0.1,10,0,395,871.0,0.23037974683544304
43,35,1.9611525468114062,95,37,PPP,0,0,0,1,50,500,200,0.1,10,0,501,-1276.0,0.25748502994011974
44,50,3.4129222313712533,13,27,PPP,0,0,0,1,450,350,50,0.1,10,0,244,-609.0,0.4262295081967213
45,17,2.642475065065409,58,45,PPP,0,0,0,1,300,300,50,0.1,10,0,336,-727.0,0.4880952380952381
46,45,2.0893379513885035,23,18,PPP,0,0,0,1,350,300,100,0.1,10,0,507,918.0,0.4911242603550296
47,72,1.4733002351756843,81,38,PPP,0,0,0,1,150,150,200,0.1,10,0,615,7164.0,0.46016260162601624
48,73,0.5509608408130979,39,25,PPP,0,0,0,1,450,250,250,0.1,10,0,1284,-4521.0,0.5334890965732088
49,74,3.4355165861045127,100,4,PPP,0,0,0,1,200,250,50,0.1,10,0,212,6250.0,0.3632075471698113
50,81,2.616176242821381,31,8,PPP,0,0,0,1,100,500,50,0.1,10,0,292,9034.0,0.2602739726027397
51,28,1.145540455472363,25,31,PPP,0,0,0,1,400,100,150,0.1,10,0,796,-69.0,0.5201005025125628
52,10,1.5108161352961154,98,17,PPP,0,0,0,1,200,100,100,0.1,10,0,813,11356.0,0.5129151291512916
53,82,1.2249197348611305,55,37,PPP,0,0,0,1,350,250,50,0.1,10,0,702,3971.0,0.5313390313390314
54,31,1.2996610421601384,15,31,PPP,0,0,0,1,50,350,150,0.1,10,0,730,5540.0,0.2808219178082192
55,19,1.285706429960829,100,30,PPP,0,0,0,1,150,500,150,0.1,10,0,770,11108.0,0.4727272727272727
56,92,1.896671016192376,63,42,PPP,0,0,0,1,100,100,250,0.1,10,0,469,-2780.0,0.373134328358209
57,23,0.6771478363427658,88,36,PPP,0,0,0,1,50,100,200,0.1,10,0,982,583.0,0.32179226069246436
58,45,0.9842073006595099,68,46,PPP,0,0,0,1,450,450,50,0.1,10,0,714,-414.0,0.5224089635854342
59,48,2.7596802337250663,89,43,PPP,0,0,0,1,150,450,50,0.1,10,0,310,3727.0,0.3774193548387097
60,38,1.9405563039635614,16,28,PPP,0,0,0,1,250,200,150,0.1,10,0,531,-3552.0,0.480225988700565
61,93,1.389467947222605,56,7,PPP,0,0,0,1,400,150,50,0.1,10,0,759,6298.0,0.4782608695652174
62,37,2.543396177161758,27,20,PPP,0,0,0,1,300,50,150,0.1,10,0,366,1794.0,0.48633879781420764
63,12,0.846860143153749,70,11,PPP,0,0,0,1,150,350,200,0.1,10,0,1522,-1226.0,0.45729303547963207
64,27,2.1937774685750444,62,6,PPP,0,0,0,1,400,400,200,0.1,10,0,373,-954.0,0.3806970509383378
65,40,2.975397685590402,86,14,PPP,0,0,0,1,150,400,250,0.1,10,0,262,-1987.0,0.2595419847328244
66,56,1.7883553648969759,71,35,PPP,0,0,0,1,200,150,250,0.1,10,0,541,131.0,0.4953789279112754
67,89,1.8639100255570673,86,11,PPP,0,0,0,1,250,450,150,0.1,10,0,565,-5050.0,0.41238938053097346
68,41,3.3108270726376876,11,20,PPP,0,0,0,1,150,200,100,0.1,10,0,236,2072.0,0.3855932203389831
69,64,0.5461980954705504,11,17,PPP,0,0,0,1,400,350,200,0.1,10,0,1640,-12081.0,0.5121951219512195
70,48,1.2632163233571918,47,33,PPP,0,0,0,1,100,250,100,0.1,10,0,716,6631.0,0.38268156424581007
71,34,3.001165844363888,32,7,PPP,0,0,0,1,300,50,200,0.1,10,0,234,8082.0,0.5085470085470085
72,61,2.699337593712116,29,23,PPP,0,0,0,1,50,400,200,0.1,10,0,338,827.0,0.1952662721893491
73,32,1.8002021770799566,53,10,PPP,0,0,0,1,350,250,200,0.1,10,0,563,-3470.0,0.4511545293072824
74,31,3.026478388720731,47,37,PPP,0,0,0,1,500,300,150,0.1,10,0,290,3901.0,0.5275862068965518
75,84,2.3872618216886052,16,49,PPP,0,0,0,1,250,450,250,0.1,10,0,352,-9664.0,0.42045454545454547
76,58,2.839923950180932,18,8,PPP,0,0,0,1,50,200,100,0.1,10,0,264,-1283.0,0.16666666666666666
77,80,2.7724571682712913,50,19,PPP,0,0,0,1,100,450,250,0.1,10,0,322,385.0,0.27639751552795033
78,89,1.1499550393609126,99,4,PPP,0,0,0,1,250,450,250,0.1,10,0,819,-1154.0,0.37606837606837606
79,35,3.2681819481042376,31,36,PPP,0,0,0,1,100,200,100,0.1,10,0,266,1914.0,0.2819548872180451
80,69,0.592740835592787,76,36,PPP,0,0,0,1,450,250,100,0.1,10,0,1014,-2582.0,0.5443786982248521
81,73,3.3716834469750365,34,6,PPP,0,0,0,1,50,200,100,0.1,10,0,206,-1185.0,0.13106796116504854
82,26,0.7903375494372585,80,33,PPP,0,0,0,1,200,450,100,0.1,10,0,972,2673.0,0.4835390946502058
83,65,2.857233792706963,59,48,PPP,0,0,0,1,50,150,200,0.1,10,0,284,746.0,0.22887323943661972
84,34,2.8367223779154545,27,16,PPP,0,0,0,1,50,250,100,0.1,10,0,296,2310.0,0.21621621621621623
85,30,1.4634744193833469,74,35,PPP,0,0,0,1,150,300,250,0.1,10,0,656,5844.0,0.4420731707317073
86,59,2.952301755814724,34,19,PPP,0,0,0,1,300,450,150,0.1,10,0,282,2878.0,0.4716312056737589
87,58,2.1157203330253704,51,40,PPP,0,0,0,1,450,300,100,0.1,10,0,425,-2163.0,0.5011764705882353
88,21,1.1012237165115781,47,45,PPP,0,0,0,1,300,300,50,0.1,10,0,695,1516.0,0.5294964028776978
89,56,2.6359941090382337,40,32,PPP,0,0,0,1,150,100,150,0.1,10,0,350,-2501.0,0.38571428571428573
90,71,3.249637097846439,29,28,PPP,0,0,0,1,450,350,50,0.1,10,0,262,-704.0,0.4770992366412214
91,19,1.3369430100974886,65,26,PPP,0,0,0,1,300,100,150,0.1,10,0,796,10531.0,0.5376884422110553
92,19,2.3414505966547834,54,41,PPP,0,0,0,1,150,450,50,0.1,10,0,394,-801.0,0.3629441624365482
93,73,1.2905956380798416,81,33,PPP,0,0,0,1,250,400,100,0.1,10,0,706,210.0,0.5014164305949008
94,55,2.164443471738577,76,33,PPP,0,0,0,1,300,500,50,0.1,10,0,447,-5128.0,0.4697986577181208
95,57,3.332297155315399,31,35,PPP,0,0,0,1,50,400,150,0.1,10,0,262,1801.0,0.2099236641221374
96,23,0.6720005947132147,98,22,PPP,0,0,0,1,500,200,250,0.1,10,0,1282,-676.0,0.5452418096723869
97,20,2.767721479355976,36,4,PPP,0,0,0,1,250,50,50,0.1,10,0,269,3705.0,0.4423791821561338
98,70,1.2034552929460909,61,29,PPP,0,0,0,1,100,250,200,0.1,10,0,780,5872.0,0.382051282051282
99,96,2.387100846491305,69,23,PPP,0,0,0,1,200,450,100,0.1,10,0,386,5857.0,0.4378238341968912
100,13,2.542942883719591,57,29,PPP,0,0,0,1,200,200,200,0.1,10,0,368,-289.0,0.43478260869565216
101,45,1.8580173433400207,27,50,PPP,0,0,0,1,400,50,50,0.1,10,0,467,-3412.0,0.49036402569593146
102,24,2.553006617203073,30,44,PPP,0,0,0,1,500,150,250,0.1,10,0,361,2630.0,0.5235457063711911
103,64,2.170861553842529,97,33,PPP,0,0,0,1,250,350,250,0.1,10,0,449,-5436.0,0.45434298440979953
104,14,3.459992168097163,37,16,PPP,0,0,0,1,250,500,250,0.1,10,0,186,543.0,0.3548387096774194
105,56,1.5843014632474877,23,34,PPP,0,0,0,1,150,300,250,0.1,10,0,607,1660.0,0.42504118616144976
106,10,0.7576291495215008,87,29,PPP,0,0,0,1,150,200,150,0.1,10,0,1080,5646.0,0.4787037037037037
107,22,3.217600008373502,74,11,PPP,0,0,0,1,200,500,50,0.1,10,0,206,-3745.0,0.2815533980582524
108,29,1.2137529106391596,81,6,PPP,0,0,0,1,250,300,200,0.1,10,0,913,-1118.0,0.4173055859802848
109,92,2.0320022662503705,31,46,PPP,0,0,0,1,250,450,50,0.1,10,0,427,-1725.0,0.4637002341920375
110,51,1.2177889984602719,77,19,PPP,0,0,0,1,200,100,100,0.1,10,0,922,6994.0,0.5032537960954447
111,90,1.136067739608754,66,39,PPP,0,0,0,1,250,400,50,0.1,10,0,720,7777.0,0.5277777777777778
112,61,1.4033642348980058,28,12,PPP,0,0,0,1,250,450,50,0.1,10,0,812,11692.0,0.5012315270935961
113,18,1.3420293023913012,49,7,PPP,0,0,0,1,400,250,150,0.1,10,0,796,2592.0,0.43844221105527637
114,38,2.3121194682846777,54,26,PPP,0,0,0,1,500,300,100,0.1,10,0,437,-4257.0,0.4874141876430206
115,99,1.1950778907993718,88,35,PPP,0,0,0,1,300,500,250,0.1,10,0,720,5296.0,0.5180555555555556
116,27,3.093863792880201,62,11,PPP,0,0,0,1,500,300,150,0.1,10,0,232,-423.0,0.3793103448275862
117,87,1.5859624006724347,38,10,PPP,0,0,0,1,300,350,100,0.1,10,0,691,11508.0,0.44862518089725034
118,75,3.4622041163194948,44,18,PPP,0,0,0,1,200,50,100,0.1,10,0,218,4147.0,0.4908256880733945
119,81,1.069199898173047,51,46,PPP,0,0,0,1,200,300,50,0.1,10,0,683,9565.0,0.5109809663250366
120,97,1.2543732025076193,72,15,PPP,0,0,0,1,450,50,250,0.1,10,0,894,918.0,0.5268456375838926
121,91,0.7694002961518926,17,20,PPP,0,0,0,1,250,400,200,0.1,10,0,1230,-3845.0,0.4975609756097561
122,75,1.4343630431059138,33,43,PPP,0,0,0,1,450,50,250,0.1,10,0,587,2.0,0.5127768313458262
123,61,0.8253454339339849,64,36,PPP,0,0,0,1,250,150,150,0.1,10,0,868,5989.0,0.532258064516129
124,48,2.6318188864262124,34,39,PPP,0,0,0,1,450,50,50,0.1,10,0,333,4077.0,0.4774774774774775
125,73,2.652426297570414,75,20,PPP,0,0,0,1,100,450,50,0.1,10,0,340,801.0,0.26176470588235295
126,89,2.269280918531414,67,42,PPP,0,0,0,1,50,150,150,0.1,10,0,396,-1686.0,0.24494949494949494
127,66,1.9105865435302187,15,20,PPP,0,0,0,1,450,100,100,0.1,10,0,561,2006.0,0.5169340463458111
128,10,2.463143616042564,93,17,PPP,0,0,0,1,500,200,50,0.1,10,0,365,-176.0,0.4657534246575342
129,60,2.424693500865295,47,48,PPP,0,0,0,1,100,300,250,0.1,10,0,346,-5632.0,0.28901734104046245
130,22,2.849271356495732,84,33,PPP,0,0,0,1,400,100,150,0.1,10,0,314,18.0,0.4840764331210191
131,45,3.423573077975497,93,23,PPP,0,0,0,1,500,300,150,0.1,10,0,230,4018.0,0.4608695652173913
132,33,1.6421935054714039,40,37,PPP,0,0,0,1,150,500,150,0.1,10,0,589,2722.0,0.4567062818336163
133,89,0.7915299774735707,54,15,PPP,0,0,0,1,250,300,150,0.1,10,0,1396,-8804.0,0.501432664756447
134,26,3.083674970732481,61,8,PPP,0,0,0,1,300,500,200,0.1,10,0,224,7241.0,0.3794642857142857
135,70,0.5783011455920453,63,43,PPP,0,0,0,1,450,200,150,0.1,10,0,894,5476.0,0.5570469798657718
136,84,1.6046674024350776,42,50,PPP,0,0,0,1,500,150,250,0.1,10,0,498,-2114.0,0.5120481927710844
137,95,3.3563466215672384,94,12,PPP,0,0,0,1,250,200,150,0.1,10,0,228,757.0,0.4298245614035088
138,49,1.3083411117880437,28,18,PPP,0,0,0,1,350,50,250,0.1,10,0,857,1038.0,0.4935822637106184
139,76,0.7700303194751461,26,30,PPP,0,0,0,1,50,200,150,0.1,10,0,1008,5210.0,0.3244047619047619
140,83,1.189869385282639,71,42,PPP,0,0,0,1,50,350,100,0.1,10,0,671,3755.0,0.2697466467958271
141,86,3.2607353287743255,20,42,PPP,0,0,0,1,300,50,150,0.1,10,0,252,-1691.0,0.4801587301587302
142,20,2.766601392156499,38,38,PPP,0,0,0,1,450,400,250,0.1,10,0,326,10668.0,0.5521472392638037
143,99,0.9334742387685425,36,39,PPP,0,0,0,1,450,450,200,0.1,10,0,782,6558.0,0.5498721227621484
144,41,1.7671822899593286,53,48,PPP,0,0,0,1,150,150,250,0.1,10,0,497,-2770.0,0.4225352112676056
145,32,1.2823277637834858,31,5,PPP,0,0,0,1,200,50,150,0.1,10,0,785,-4463.0,0.44331210191082804
146,62,1.1420961272446675,61,9,PPP,0,0,0,1,150,150,250,0.1,10,0,1068,1620.0,0.45786516853932585
147,90,2.6285342874154978,67,37,PPP,0,0,0,1,200,150,100,0.1,10,0,334,-6310.0,0.39520958083832336
148,38,0.9891989941795375,75,6,PPP,0,0,0,1,100,250,200,0.1,10,0,1202,-2398.0,0.3527454242928453
149,71,0.7558685458197254,100,37,PPP,0,0,0,1,500,150,250,0.1,10,0,882,2246.0,0.5238095238095238
150,47,2.4737522177492526,27,47,PPP,0,0,0,1,100,50,250,0.1,10,0,345,1805.0,0.3652173913043478
151,98,0.5006478830230972,14,23,PPP,0,0,0,1,400,400,50,0.1,10,0,1380,-10256.0,0.5297101449275362
152,44,2.861991593829325,78,34,PPP,0,0,0,1,350,450,50,0.1,10,0,308,10410.0,0.5227272727272727
153,52,2.8763310873055064,82,40,PPP,0,0,0,1,350,300,50,0.1,10,0,302,-2788.0,0.4768211920529801
154,77,3.2829644611475635,95,13,PPP,0,0,0,1,500,350,150,0.1,10,0,232,-654.0,0.4224137931034483
155,64,2.762910805470641,78,23,PPP,0,0,0,1,450,200,150,0.1,10,0,330,871.0,0.503030303030303
156,42,1.234039666999219,33,22,PPP,0,0,0,1,100,50,150,0.1,10,0,876,7502.0,0.4600456621004566
157,71,1.0165820454586205,34,34,PPP,0,0,0,1,100,300,100,0.1,10,0,804,4581.0,0.4017412935323383
158,67,0.9887917728488411,65,34,PPP,0,0,0,1,400,300,100,0.1,10,0,814,4571.0,0.5454545454545454
159,61,1.905682402507146,35,23,PPP,0,0,0,1,200,450,200,0.1,10,0,565,4085.0,0.44778761061946903
160,17,0.6502079029588052,98,38,PPP,0,0,0,1,100,250,50,0.1,10,0,958,1865.0,0.40083507306889354
161,84,3.2142284678458846,49,5,PPP,0,0,0,1,50,400,250,0.1,10,0,222,4960.0,0.14414414414414414
162,19,0.7113472023490308,78,26,PPP,0,0,0,1,100,300,150,0.1,10,0,1139,-642.0,0.4135206321334504
163,73,2.3904994357438203,56,7,PPP,0,0,0,1,500,400,250,0.1,10,0,340,-5125.0,0.40588235294117647
164,54,2.483708466155661,58,13,PPP,0,0,0,1,100,250,150,0.1,10,0,348,1030.0,0.27873563218390807
165,13,2.5530382355611905,15,25,PPP,0,0,0,1,200,350,200,0.1,10,0,357,2411.0,0.4257703081232493
166,96,1.4330224120672694,14,6,PPP,0,0,0,1,450,300,250,0.1,10,0,691,5407.0,0.4356005788712012
167,71,2.2111370323421076,52,44,PPP,0,0,0,1,300,50,250,0.1,10,0,410,-2606.0,0.4926829268292683
168,19,1.9543210593107365,23,33,PPP,0,0,0,1,500,400,200,0.1,10,0,526,-3398.0,0.526615969581749
169,44,2.2967243221920253,72,24,PPP,0,0,0,1,250,200,200,0.1,10,0,437,-2918.0,0.448512585812357
170,91,0.7930815742203556,96,12,PPP,0,0,0,1,150,500,150,0.1,10,0,1486,-563.0,0.4629878869448183
171,32,0.8329971779813632,88,30,PPP,0,0,0,1,150,400,100,0.1,10,0,1000,7061.0,0.48
172,63,3.2283143644492207,62,17,PPP,0,0,0,1,50,350,100,0.1,10,0,236,460.0,0.1652542372881356
173,84,3.116553598713046,64,21,PPP,0,0,0,1,350,300,100,0.1,10,0,262,1628.0,0.46564885496183206
174,35,1.388029013620511,13,21,PPP,0,0,0,1,400,300,250,0.1,10,0,798,3858.0,0.531328320802005
175,33,0.6378635293236729,12,21,PPP,0,0,0,1,150,100,150,0.1,10,0,1356,3292.0,0.4941002949852507
176,76,3.1829204307138967,40,49,PPP,0,0,0,1,300,500,250,0.1,10,0,250,1471.0,0.46
177,97,1.3650638356092453,82,31,PPP,0,0,0,1,400,300,250,0.1,10,0,688,1515.0,0.5319767441860465
178,41,2.1733373739752793,33,14,PPP,0,0,0,1,100,300,250,0.1,10,0,453,1115.0,0.31346578366445915
179,100,0.6746165315777735,14,11,PPP,0,0,0,1,250,200,150,0.1,10,0,1694,4495.0,0.5212514757969303
180,22,3.337817896481493,53,34,PPP,0,0,0,1,300,250,150,0.1,10,0,266,2653.0,0.45864661654135336
181,80,1.8207523080617312,91,45,PPP,0,0,0,1,100,400,200,0.1,10,0,476,-6715.0,0.296218487394958
182,28,1.9112385341428242,21,28,PPP,0,0,0,1,400,300,250,0.1,10,0,553,-4194.0,0.5009041591320073
183,80,0.6696729472812392,94,24,PPP,0,0,0,1,450,150,100,0.1,10,0,1194,-1229.0,0.5343383584589615
184,26,2.2403461994084193,64,43,PPP,0,0,0,1,100,400,150,0.1,10,0,413,284.0,0.3341404358353511
185,94,1.1835054326508871,23,50,PPP,0,0,0,1,100,400,100,0.1,10,0,607,-628.0,0.3393739703459638
186,17,0.808436443928468,57,41,PPP,0,0,0,1,150,200,150,0.1,10,0,838,7470.0,0.4785202863961814
187,21,0.665740657034302,91,34,PPP,0,0,0,1,400,500,250,0.1,10,0,1026,1697.0,0.5497076023391813
188,57,0.8088457719239627,40,30,PPP,0,0,0,1,350,200,100,0.1,10,0,982,6862.0,0.5254582484725051
189,47,2.5628795977369228,20,22,PPP,0,0,0,1,50,500,250,0.1,10,0,362,-1929.0,0.18232044198895028
190,70,0.828799263256288,93,24,PPP,0,0,0,1,250,100,50,0.1,10,0,1076,-4465.0,0.5027881040892194
191,88,1.529266408665341,26,26,PPP,0,0,0,1,400,500,150,0.1,10,0,662,-1874.0,0.525679758308157
192,15,2.4192831575751352,92,20,PPP,0,0,0,1,350,350,200,0.1,10,0,398,-5158.0,0.457286432160804
193,97,1.7233674869877302,16,10,PPP,0,0,0,1,350,500,50,0.1,10,0,617,-2613.0,0.4392220421393841
194,90,3.0614700843446636,30,15,PPP,0,0,0,1,200,500,50,0.1,10,0,252,2811.0,0.3412698412698413
195,52,3.068197771177026,16,33,PPP,0,0,0,1,350,400,50,0.1,10,0,286,8288.0,0.48951048951048953
196,81,2.348626371819836,95,27,PPP,0,0,0,1,100,150,150,0.1,10,0,417,120.0,0.34292565947242204
197,64,3.142527326900791,20,34,PPP,0,0,0,1,400,50,100,0.1,10,0,276,5361.0,0.4963768115942029
198,99,1.557716205226336,68,13,PPP,0,0,0,1,450,500,250,0.1,10,0,705,6089.0,0.4794326241134752
199,41,2.2111281408151884,74,26,PPP,0,0,0,1,50,300,100,0.1,10,0,453,-1857.0,0.19426048565121412
200,40,0.5848926778205266,49,39,PPP,0,0,0,1,250,400,150,0.1,10,0,974,1531.0,0.5112936344969199
201,68,3.285459753018391,82,12,PPP,0,0,0,1,150,500,250,0.1,10,0,226,-3354.0,0.2345132743362832
202,83,0.5923460808838226,60,17,PPP,0,0,0,1,200,350,200,0.1,10,0,1556,-14135.0,0.4897172236503856
203,75,2.9418333633580502,57,23,PPP,0,0,0,1,100,150,150,0.1,10,0,282,-3913.0,0.28368794326241137
204,45,3.310437825522622,24,26,PPP,0,0,0,1,350,500,200,0.1,10,0,250,-752.0,0.42
205,83,1.208938370872032,98,47,PPP,0,0,0,1,50,500,250,0.1,10,0,629,2101.0,0.27344992050874406
206,37,0.5365698869535712,66,24,PPP,0,0,0,1,250,300,200,0.1,10,0,1340,515.0,0.5507462686567164
207,71,3.069564791847862,85,27,PPP,0,0,0,1,450,50,50,0.1,10,0,276,-1513.0,0.47101449275362317
208,16,1.272608941616126,42,41,PPP,0,0,0,1,400,500,50,0.1,10,0,685,1692.0,0.5284671532846715
209,93,0.6311477285264889,92,34,PPP,0,0,0,1,350,100,150,0.1,10,0,1014,2582.0,0.5236686390532544
210,48,3.470538281498915,88,47,PPP,0,0,0,1,50,300,150,0.1,10,0,240,-2808.0,0.16666666666666666
211,41,3.0673634253263367,33,14,PPP,0,0,0,1,150,150,50,0.1,10,0,246,-1864.0,0.34146341463414637
212,31,3.4915230415296916,26,4,PPP,0,0,0,1,300,50,150,0.1,10,0,202,2140.0,0.47029702970297027
213,10,3.0651335110515427,43,28,PPP,0,0,0,1,200,500,200,0.1,10,0,288,1798.0,0.375
214,49,1.0948758462140433,48,4,PPP,0,0,0,1,400,100,250,0.1,10,0,868,-3734.0,0.4308755760368664
215,50,2.3800815462100267,81,11,PPP,0,0,0,1,300,50,100,0.1,10,0,356,-557.0,0.49157303370786515
216,82,2.7467043439309484,25,24,PPP,0,0,0,1,200,150,150,0.1,10,0,332,-2473.0,0.4186746987951807
217,99,1.799341588825287,71,5,PPP,0,0,0,1,400,150,200,0.1,10,0,465,1865.0,0.43010752688172044
218,56,2.384680640250914,27,32,PPP,0,0,0,1,300,350,50,0.1,10,0,397,424.0,0.48866498740554154
219,84,0.7823673214605471,22,33,PPP,0,0,0,1,350,200,100,0.1,10,0,942,2783.0,0.529723991507431
220,65,3.0650846400499656,62,50,PPP,0,0,0,1,200,50,50,0.1,10,0,262,1764.0,0.4389312977099237
221,72,1.8973028444842894,30,23,PPP,0,0,0,1,500,350,150,0.1,10,0,565,2236.0,0.49734513274336284
222,81,0.5632580896546245,74,18,PPP,0,0,0,1,150,50,100,0.1,10,0,1558,-6597.0,0.46405648267008986
223,22,0.5338622772711823,18,16,PPP,0,0,0,1,50,300,50,0.1,10,0,1732,4409.0,0.3527713625866051
224,20,2.9337375107110475,88,29,PPP,0,0,0,1,500,450,250,0.1,10,0,306,525.0,0.5
225,63,2.8155691065390602,86,37,PPP,0,0,0,1,100,400,250,0.1,10,0,310,4733.0,0.31290322580645163
226,69,2.327753475586173,29,28,PPP,0,0,0,1,350,500,150,0.1,10,0,417,-3784.0,0.4628297362110312
227,73,3.414197246793024,61,10,PPP,0,0,0,1,250,400,100,0.1,10,0,194,2263.0,0.36082474226804123
228,62,1.88392889320559,64,17,PPP,0,0,0,1,100,100,200,0.1,10,0,583,4088.0,0.3996569468267582
229,29,1.4705027688306322,66,38,PPP,0,0,0,1,250,100,200,0.1,10,0,639,3893.0,0.5054773082942097
230,88,1.896669822480927,98,49,PPP,0,0,0,1,300,50,100,0.1,10,0,447,-5922.0,0.4519015659955257
231,57,0.5756822136113138,89,49,PPP,0,0,0,1,50,500,250,0.1,10,0,850,4511.0,0.3247058823529412
232,90,1.8265547404985343,45,26,PPP,0,0,0,1,200,450,50,0.1,10,0,571,5901.0,0.46059544658493873
233,34,1.861142245739086,88,46,PPP,0,0,0,1,500,300,150,0.1,10,0,481,-5185.0,0.5072765072765073
234,58,2.7259126262332005,98,8,PPP,0,0,0,1,200,150,100,0.1,10,0,274,895.0,0.42700729927007297
235,40,1.0939326802763363,10,50,PPP,0,0,0,1,50,150,200,0.1,10,0,651,3212.0,0.2749615975422427
236,65,2.664044408498304,98,8,PPP,0,0,0,1,500,300,250,0.1,10,0,288,4817.0,0.4375
237,17,0.5952908882510118,24,26,PPP,0,0,0,1,500,50,50,0.1,10,0,1248,-2064.0,0.5184294871794872
238,46,1.7589003277710316,46,24,PPP,0,0,0,1,300,150,150,0.1,10,0,602,-1800.0,0.49169435215946844
239,40,2.319830707852634,65,45,PPP,0,0,0,1,350,500,50,0.1,10,0,377,462.0,0.5251989389920424
240,62,3.076911272002205,41,40,PPP,0,0,0,1,50,200,200,0.1,10,0,272,-2085.0,0.19852941176470587
241,33,2.7600981160062883,85,5,PPP,0,0,0,1,400,450,250,0.1,10,0,270,8247.0,0.40370370370370373
242,62,2.2619574935762796,95,32,PPP,0,0,0,1,200,50,150,0.1,10,0,435,-325.0,0.46206896551724136
243,40,1.210654452708322,32,47,PPP,0,0,0,1,400,100,100,0.1,10,0,633,1592.0,0.5023696682464455
244,17,1.076363987675871,49,12,PPP,0,0,0,1,350,100,150,0.1,10,0,1149,1201.0,0.5126196692776327
245,79,1.0260795124246211,75,22,PPP,0,0,0,1,450,50,100,0.1,10,0,962,914.0,0.5062370062370062
246,50,1.2642545862101988,68,49,PPP,0,0,0,1,150,150,250,0.1,10,0,601,-1194.0,0.43094841930116473
247,52,1.4458545944169754,47,6,PPP,0,0,0,1,200,200,50,0.1,10,0,687,1543.0,0.42066957787481807
248,24,2.355602166435318,17,37,PPP,0,0,0,1,100,250,250,0.1,10,0,415,-4409.0,0.2963855421686747
249,18,3.379873302107449,23,31,PPP,0,0,0,1,300,450,100,0.1,10,0,254,1868.0,0.4448818897637795
250,56,3.1162188756204596,76,36,PPP,0,0,0,1,500,450,150,0.1,10,0,278,2111.0,0.49640287769784175
251,48,1.4804569954934212,42,49,PPP,0,0,0,1,300,50,200,0.1,10,0,537,4344.0,0.5195530726256983
252,10,1.4294181876244552,16,18,PPP,0,0,0,1,500,400,250,0.1,10,0,868,8446.0,0.533410138248848
253,63,2.764610356527509,55,6,PPP,0,0,0,1,200,500,100,0.1,10,0,268,7669.0,0.3656716417910448
254,37,2.055670851422811,53,39,PPP,0,0,0,1,200,400,200,0.1,10,0,451,-4450.0,0.42572062084257206
255,24,2.3626936745028586,61,40,PPP,0,0,0,1,100,500,200,0.1,10,0,393,-2252.0,0.30788804071246817
256,12,0.7128767985367905,67,9,PPP,0,0,0,1,100,50,100,0.1,10,0,1837,512.0,0.4496461622210125
257,53,1.970469841987752,81,31,PPP,0,0,0,1,150,450,150,0.1,10,0,508,-1886.0,0.38779527559055116
258,51,3.1142083295578833,29,19,PPP,0,0,0,1,400,150,200,0.1,10,0,260,1569.0,0.5038461538461538
259,21,2.064322176135974,44,7,PPP,0,0,0,1,200,300,100,0.1,10,0,401,2373.0,0.3690773067331671
260,64,3.2314497044452337,32,21,PPP,0,0,0,1,100,350,200,0.1,10,0,252,2433.0,0.2777777777777778
261,30,2.0087763871441235,70,50,PPP,0,0,0,1,200,450,150,0.1,10,0,431,-2029.0,0.4361948955916473
262,78,0.6148894268078119,97,49,PPP,0,0,0,1,400,450,200,0.1,10,0,814,3548.0,0.5503685503685504
263,61,0.8134252700239272,24,42,PPP,0,0,0,1,150,350,50,0.1,10,0,814,6591.0,0.4705159705159705
264,50,3.321383309404978,76,16,PPP,0,0,0,1,500,100,150,0.1,10,0,220,4435.0,0.5318181818181819
265,18,1.1229712740827589,59,40,PPP,0,0,0,1,200,100,150,0.1,10,0,733,9240.0,0.5115961800818554
266,75,3.2466345979671947,10,19,PPP,0,0,0,1,200,150,250,0.1,10,0,250,-1286.0,0.424
267,85,1.7342147488695077,83,30,PPP,0,0,0,1,300,200,100,0.1,10,0,579,2444.0,0.5043177892918825
268,82,0.8956998077917904,43,26,PPP,0,0,0,1,400,350,250,0.1,10,0,996,-6409.0,0.5180722891566265
269,41,2.5571938168839417,45,48,PPP,0,0,0,1,100,250,250,0.1,10,0,337,3688.0,0.34124629080118696
270,51,1.5648240920684195,80,24,PPP,0,0,0,1,350,150,200,0.1,10,0,676,-1799.0,0.514792899408284
271,85,0.527532510875582,61,29,PPP,0,0,0,1,100,400,50,0.1,10,0,1170,7210.0,0.4478632478632479
272,31,0.7135812383843804,86,37,PPP,0,0,0,1,350,400,200,0.1,10,0,922,1671.0,0.5336225596529284
273,55,1.6401584575614856,35,30,PPP,0,0,0,1,500,450,100,0.1,10,0,625,1221.0,0.5312
274,38,1.265990882975938,54,34,PPP,0,0,0,1,350,250,100,0.1,10,0,716,8581.0,0.5460893854748603
275,68,0.5849346108029546,77,35,PPP,0,0,0,1,100,200,50,0.1,10,0,1034,6800.0,0.43133462282398455
276,10,0.8521572201517407,24,23,PPP,0,0,0,1,300,250,150,0.1,10,0,1130,2619.0,0.5300884955752212
277,61,1.0068559881597041,43,13,PPP,0,0,0,1,150,50,250,0.1,10,0,1178,-2377.0,0.4685908319185059
278,28,3.4370469264133225,65,7,PPP,0,0,0,1,350,150,200,0.1,10,0,192,2611.0,0.4583333333333333
279,63,0.9957712205503579,28,23,PPP,0,0,0,1,100,100,200,0.1,10,0,974,4456.0,0.433264887063655
280,79,3.485119353773333,93,37,PPP,0,0,0,1,250,450,150,0.1,10,0,236,-5874.0,0.3728813559322034
281,39,2.416458005609064,68,6,PPP,0,0,0,1,100,100,100,0.1,10,0,332,-270.0,0.3253012048192771
282,34,3.4057187092639847,60,22,PPP,0,0,0,1,200,350,100,0.1,10,0,220,7711.0,0.41363636363636364
283,99,2.0001446761248487,94,49,PPP,0,0,0,1,100,400,150,0.1,10,0,417,-5697.0,0.30455635491606714
284,98,3.32868402039939,89,49,PPP,0,0,0,1,200,50,50,0.1,10,0,242,4472.0,0.4628099173553719
285,58,2.2203681676339864,27,37,PPP,0,0,0,1,400,50,100,0.1,10,0,417,-6336.0,0.47002398081534774
286,82,2.022235542678949,23,33,PPP,0,0,0,1,500,250,50,0.1,10,0,474,2299.0,0.5189873417721519
287,84,0.5187436748281077,98,9,PPP,0,0,0,1,350,50,200,0.1,10,0,2195,3212.0,0.5056947608200456
288,72,1.0021885927462062,54,40,PPP,0,0,0,1,300,350,250,0.1,10,0,756,988.0,0.5158730158730159
289,62,1.7611581324406016,93,19,PPP,0,0,0,1,150,100,100,0.1,10,0,601,4862.0,0.46589018302828616
290,86,2.715732872753164,52,12,PPP,0,0,0,1,200,250,250,0.1,10,0,306,-1197.0,0.38235294117647056
291,24,1.0722404827070227,45,10,PPP,0,0,0,1,150,500,200,0.1,10,0,1166,1836.0,0.44168096054888506
292,70,2.2492678489077065,29,14,PPP,0,0,0,1,400,150,250,0.1,10,0,426,-2437.0,0.5046948356807511
293,32,3.166773945527734,56,28,PPP,0,0,0,1,100,400,250,0.1,10,0,272,-1281.0,0.26838235294117646
294,80,0.9634971027735438,98,47,PPP,0,0,0,1,100,250,50,0.1,10,0,717,5992.0,0.3947001394700139
295,84,3.2250780428962096,71,43,PPP,0,0,0,1,400,500,200,0.1,10,0,252,357.0,0.47619047619047616
296,88,2.6934319000561215,34,44,PPP,0,0,0,1,200,400,200,0.1,10,0,313,-3284.0,0.40894568690095845
297,88,1.8821301459408302,51,21,PPP,0,0,0,1,50,300,200,0.1,10,0,563,1529.0,0.23623445825932504
298,65,2.848479095057769,59,42,PPP,0,0,0,1,450,50,150,0.1,10,0,294,1537.0,0.5102040816326531
299,58,0.8044629898058884,86,30,PPP,0,0,0,1,350,450,200,0.1,10,0,982,8887.0,0.5356415478615071
300,33,0.9616965972916274,28,19,PPP,0,0,0,1,100,50,50,0.1,10,0,1092,2144.0,0.4340659340659341
301,67,2.780103496075915,87,16,PPP,0,0,0,1,350,200,100,0.1,10,0,308,1281.0,0.4512987012987013
302,13,3.360361347848489,98,38,PPP,0,0,0,1,350,400,200,0.1,10,0,263,4040.0,0.49809885931558934
303,61,1.3889033348032092,20,44,PPP,0,0,0,1,450,300,250,0.1,10,0,591,-1361.0,0.544839255499154
304,30,1.1742695140616006,92,40,PPP,0,0,0,1,400,300,100,0.1,10,0,718,-1502.0,0.5222841225626741
305,81,2.948079768029175,84,46,PPP,0,0,0,1,350,50,100,0.1,10,0,278,1254.0,0.4892086330935252
306,19,0.725653780734063,39,11,PPP,0,0,0,1,50,400,200,0.1,10,0,1695,6678.0,0.3345132743362832
307,51,2.5704633487914723,100,38,PPP,0,0,0,1,400,250,100,0.1,10,0,351,9265.0,0.5584045584045584
308,95,2.8512413774597625,60,11,PPP,0,0,0,1,300,200,50,0.1,10,0,278,3000.0,0.43884892086330934
309,96,2.7716333468384744,73,47,PPP,0,0,0,1,150,50,150,0.1,10,0,296,-658.0,0.40540540540540543
310,86,0.6077246964849878,16,11,PPP,0,0,0,1,150,150,200,0.1,10,0,1848,3249.0,0.5064935064935064
311,51,1.4975242933914745,94,13,PPP,0,0,0,1,500,250,50,0.1,10,0,762,6889.0,0.5065616797900262
312,57,2.6982005030525706,36,35,PPP,0,0,0,1,250,250,150,0.1,10,0,330,-1114.0,0.44545454545454544
313,46,2.4485075464364456,29,33,PPP,0,0,0,1,100,100,200,0.1,10,0,379,3324.0,0.3720316622691293
314,71,2.1816512658610634,25,34,PPP,0,0,0,1,500,100,150,0.1,10,0,435,-4379.0,0.4850574712643678
315,99,1.1014813557658578,64,31,PPP,0,0,0,1,100,250,250,0.1,10,0,798,2566.0,0.39974937343358397
316,31,2.2174547730496417,80,5,PPP,0,0,0,1,250,450,100,0.1,10,0,371,-1373.0,0.3638814016172507
317,94,3.1905164913359063,82,41,PPP,0,0,0,1,150,50,200,0.1,10,0,256,-460.0,0.45703125
318,91,2.362967391904501,26,24,PPP,0,0,0,1,450,200,250,0.1,10,0,412,-1196.0,0.49029126213592233
319,31,1.62750960112769,32,25,PPP,0,0,0,1,450,50,250,0.1,10,0,668,4903.0,0.5164670658682635
320,67,3.4652782406313487,61,12,PPP,0,0,0,1,500,50,200,0.1,10,0,202,-2904.0,0.4504950495049505
321,28,3.414005315593099,63,5,PPP,0,0,0,1,250,350,250,0.1,10,0,206,9152.0,0.38349514563106796
322,40,1.2260042642307183,37,32,PPP,0,0,0,1,500,250,250,0.1,10,0,748,5993.0,0.536096256684492
323,66,2.2802522497840205,50,36,PPP,0,0,0,1,250,250,150,0.1,10,0,407,-1432.0,0.48157248157248156
324,61,1.4395555372161852,51,6,PPP,0,0,0,1,500,50,50,0.1,10,0,693,-3276.0,0.47186147186147187
325,60,2.7407987404809884,96,21,PPP,0,0,0,1,500,300,200,0.1,10,0,326,7626.0,0.5153374233128835
326,75,1.2847189803496288,53,20,PPP,0,0,0,1,500,50,150,0.1,10,0,836,716.0,0.5191387559808612
327,100,2.190245495711378,49,29,PPP,0,0,0,1,200,500,50,0.1,10,0,455,-1768.0,0.4307692307692308
328,27,2.9600856562877502,81,12,PPP,0,0,0,1,200,500,100,0.1,10,0,254,-3572.0,0.30708661417322836
329,58,1.1269975052944563,53,25,PPP,0,0,0,1,400,350,50,0.1,10,0,884,7641.0,0.5361990950226244
330,21,1.6725449244431938,67,18,PPP,0,0,0,1,450,100,50,0.1,10,0,689,-1120.0,0.4833091436865022
331,69,1.0509030446671295,96,43,PPP,0,0,0,1,450,250,100,0.1,10,0,724,2043.0,0.537292817679558
332,56,2.5141295699295965,16,25,PPP,0,0,0,1,200,50,50,0.1,10,0,372,1510.0,0.4731182795698925
333,46,0.5563032066900796,13,28,PPP,0,0,0,1,350,300,150,0.1,10,0,1178,6197.0,0.5534804753820034
334,18,3.386993606753242,36,35,PPP,0,0,0,1,50,50,150,0.1,10,0,243,805.0,0.24691358024691357
335,60,2.720326356309415,80,12,PPP,0,0,0,1,500,150,100,0.1,10,0,306,3755.0,0.48366013071895425
336,48,2.843139847914654,67,36,PPP,0,0,0,1,350,200,150,0.1,10,0,310,831.0,0.4806451612903226
337,10,2.695586535314272,90,19,PPP,0,0,0,1,300,50,100,0.1,10,0,310,7090.0,0.4838709677419355
338,85,3.0076896769281816,36,43,PPP,0,0,0,1,400,400,50,0.1,10,0,272,-3608.0,0.4852941176470588
339,46,1.106569146233595,16,36,PPP,0,0,0,1,450,500,250,0.1,10,0,752,6200.0,0.5478723404255319
340,93,1.1160958997004722,11,40,PPP,0,0,0,1,500,250,150,0.1,10,0,720,4640.0,0.5597222222222222
341,55,3.121438227874184,11,37,PPP,0,0,0,1,400,300,50,0.1,10,0,276,-154.0,0.47101449275362317
342,18,1.351270498122362,63,5,PPP,0,0,0,1,100,450,100,0.1,10,0,723,-3196.0,0.28492392807745504
343,13,2.1785922068345585,18,29,PPP,0,0,0,1,500,50,100,0.1,10,0,470,1803.0,0.49148936170212765
344,61,1.7656008258192681,57,23,PPP,0,0,0,1,300,500,100,0.1,10,0,606,2036.0,0.49174917491749176
345,20,2.627735593002511,73,7,PPP,0,0,0,1,300,400,200,0.1,10,0,277,4072.0,0.3935018050541516
346,79,2.4954141661850993,96,6,PPP,0,0,0,1,450,350,250,0.1,10,0,310,-2938.0,0.3870967741935484
347,69,0.7614649051142097,88,21,PPP,0,0,0,1,450,400,150,0.1,10,0,1214,-8169.0,0.5065897858319605
348,92,3.4851340184046333,78,11,PPP,0,0,0,1,350,400,50,0.1,10,0,202,-3204.0,0.33663366336633666
349,10,1.1243827800382693,52,17,PPP,0,0,0,1,350,250,250,0.1,10,0,1051,41.0,0.5195052331113226
350,64,1.9874156036381074,11,43,PPP,0,0,0,1,450,400,250,0.1,10,0,451,-578.0,0.532150776053215
351,50,1.0644420129960632,59,18,PPP,0,0,0,1,300,150,250,0.1,10,0,1026,11247.0,0.5370370370370371
352,46,1.9287179967367165,75,5,PPP,0,0,0,1,300,50,50,0.1,10,0,427,-2874.0,0.45433255269320844
353,76,3.2255448658309023,99,24,PPP,0,0,0,1,100,200,250,0.1,10,0,256,459.0,0.30859375
354,59,2.3150282982583374,39,30,PPP,0,0,0,1,200,100,100,0.1,10,0,423,2951.0,0.48699763593380613
355,16,0.8003022860083342,34,47,PPP,0,0,0,1,200,450,50,0.1,10,0,784,4601.0,0.5051020408163265
356,13,0.7116585694881628,74,44,PPP,0,0,0,1,400,500,100,0.1,10,0,836,653.0,0.534688995215311
357,10,3.23771323642402,58,20,PPP,0,0,0,1,300,450,250,0.1,10,0,220,13801.0,0.4636363636363636
358,97,2.4850598617210258,42,42,PPP,0,0,0,1,350,100,150,0.1,10,0,342,-3803.0,0.4619883040935672
359,95,2.3894594024058815,79,17,PPP,0,0,0,1,350,300,50,0.1,10,0,396,4395.0,0.47474747474747475
360,16,1.1585029238837268,23,8,PPP,0,0,0,1,50,450,250,0.1,10,0,1062,3445.0,0.2627118644067797
361,39,1.0821493627385126,45,23,PPP,0,0,0,1,400,250,200,0.1,10,0,934,9618.0,0.5492505353319058
362,10,2.1409694416548817,90,40,PPP,0,0,0,1,300,100,150,0.1,10,0,438,-2201.0,0.4726027397260274
363,63,0.5417032060663185,45,25,PPP,0,0,0,1,350,500,50,0.1,10,0,1289,-2921.0,0.5384018619084562
364,45,0.6459443586806133,81,5,PPP,0,0,0,1,200,450,250,0.1,10,0,1840,-2002.0,0.4489130434782609
365,96,3.3951123698088814,77,4,PPP,0,0,0,1,200,350,50,0.1,10,0,214,3330.0,0.308411214953271
366,22,2.263812871480943,88,23,PPP,0,0,0,1,250,400,250,0.1,10,0,447,5980.0,0.47874720357941836
367,10,1.9330514429882664,35,36,PPP,0,0,0,1,250,300,100,0.1,10,0,506,-81.0,0.4762845849802372
368,72,3.092821607396365,73,31,PPP,0,0,0,1,400,100,50,0.1,10,0,272,1737.0,0.5
369,47,1.3230013014494717,94,29,PPP,0,0,0,1,50,400,100,0.1,10,0,726,1908.0,0.25895316804407714
370,65,3.0734680122040006,37,16,PPP,0,0,0,1,450,200,150,0.1,10,0,262,6918.0,0.4847328244274809
371,59,1.6440010859830676,80,11,PPP,0,0,0,1,400,300,100,0.1,10,0,677,2156.0,0.4711964549483013
372,91,2.8179730974133523,11,45,PPP,0,0,0,1,200,300,200,0.1,10,0,294,-4490.0,0.36054421768707484
373,11,0.6129499821952845,65,13,PPP,0,0,0,1,500,450,150,0.1,10,0,1841,1397.0,0.5171102661596958
374,70,0.6758851974468068,77,27,PPP,0,0,0,1,200,300,150,0.1,10,0,1116,2800.0,0.510752688172043
375,80,2.0486618007251165,98,6,PPP,0,0,0,1,400,250,100,0.1,10,0,412,-367.0,0.4344660194174757
376,20,0.9623058814448079,57,50,PPP,0,0,0,1,350,400,50,0.1,10,0,691,2200.0,0.5499276410998553
377,94,0.875087478367295,11,5,PPP,0,0,0,1,200,450,150,0.1,10,0,1270,-4632.0,0.41653543307086616
378,70,2.6286983279561045,68,7,PPP,0,0,0,1,500,100,50,0.1,10,0,296,681.0,0.44932432432432434
379,80,1.3535428358110502,73,33,PPP,0,0,0,1,200,200,50,0.1,10,0,679,6154.0,0.49337260677466865
380,89,2.5174079373880662,17,27,PPP,0,0,0,1,100,350,250,0.1,10,0,374,180.0,0.2967914438502674
381,36,0.9326882432427529,99,6,PPP,0,0,0,1,350,200,200,0.1,10,0,1290,-1770.0,0.4542635658914729
382,47,2.2268823940616054,14,14,PPP,0,0,0,1,250,250,150,0.1,10,0,427,-303.0,0.4449648711943794
383,96,3.0988360522650664,93,28,PPP,0,0,0,1,300,250,200,0.1,10,0,274,-40.0,0.4489051094890511
384,69,1.3947290440616305,94,42,PPP,0,0,0,1,450,450,200,0.1,10,0,605,-6210.0,0.5206611570247934
385,35,2.523406644878651,72,38,PPP,0,0,0,1,400,500,100,0.1,10,0,353,7295.0,0.5212464589235127
386,16,2.5033007939283043,19,17,PPP,0,0,0,1,500,300,200,0.1,10,0,366,2554.0,0.4644808743169399
387,98,1.0412244936990676,43,16,PPP,0,0,0,1,350,400,50,0.1,10,0,1076,-2905.0,0.5074349442379182
388,82,2.4618768701855647,21,17,PPP,0,0,0,1,400,350,150,0.1,10,0,374,3794.0,0.4893048128342246
389,31,2.185851556400186,24,32,PPP,0,0,0,1,250,200,250,0.1,10,0,457,-290.0,0.47921225382932164
390,82,0.8291827261701126,56,50,PPP,0,0,0,1,200,100,150,0.1,10,0,732,7689.0,0.5218579234972678
391,68,1.7522018501723338,79,36,PPP,0,0,0,1,300,400,200,0.1,10,0,536,-3910.0,0.4869402985074627
392,78,2.4478889996284146,46,29,PPP,0,0,0,1,100,250,150,0.1,10,0,381,-1586.0,0.3123359580052493
393,77,2.106270399038189,45,43,PPP,0,0,0,1,150,250,250,0.1,10,0,423,-815.0,0.39952718676122934
394,93,1.8656152952493321,71,33,PPP,0,0,0,1,200,250,50,0.1,10,0,519,827.0,0.44315992292870904
395,32,3.087333211062646,13,7,PPP,0,0,0,1,100,200,50,0.1,10,0,226,7656.0,0.26548672566371684
396,10,1.496100244330818,45,17,PPP,0,0,0,1,400,150,100,0.1,10,0,825,5583.0,0.5309090909090909
397,64,1.7483016031862566,25,17,PPP,0,0,0,1,50,100,50,0.1,10,0,613,2952.0,0.25774877650897227
398,67,0.5377321486355552,87,41,PPP,0,0,0,1,50,150,150,0.1,10,0,956,4494.0,0.3305439330543933
399,60,0.9825066933203788,47,22,PPP,0,0,0,1,150,450,250,0.1,10,0,1004,7875.0,0.48306772908366535
400,72,2.6889364099491107,53,34,PPP,0,0,0,1,250,150,50,0.1,10,0,326,-3182.0,0.44171779141104295
401,21,0.8505036545631565,16,36,PPP,0,0,0,1,50,450,250,0.1,10,0,868,2628.0,0.2960829493087558
402,28,3.1482492082607867,83,45,PPP,0,0,0,1,350,200,200,0.1,10,0,274,954.0,0.46715328467153283
403,73,3.229264018828125,50,19,PPP,0,0,0,1,350,50,200,0.1,10,0,248,1893.0,0.5080645161290323
404,33,3.4139736829205583,88,28,PPP,0,0,0,1,250,200,150,0.1,10,0,238,-140.0,0.42436974789915966
405,48,1.8774965438571356,40,17,PPP,0,0,0,1,350,500,100,0.1,10,0,579,5730.0,0.48704663212435234
406,86,3.2230554561550573,37,20,PPP,0,0,0,1,50,200,50,0.1,10,0,250,-411.0,0.188
407,73,2.867451413174594,73,21,PPP,0,0,0,1,300,50,150,0.1,10,0,302,1043.0,0.46688741721854304
408,79,0.9117016975695609,66,36,PPP,0,0,0,1,100,200,50,0.1,10,0,822,1756.0,0.40389294403892945
409,58,0.975703028466281,51,44,PPP,0,0,0,1,350,350,200,0.1,10,0,740,3201.0,0.527027027027027
410,92,2.173677233803205,63,24,PPP,0,0,0,1,250,300,50,0.1,10,0,465,-7537.0,0.43010752688172044
411,60,1.206754700956532,30,32,PPP,0,0,0,1,300,250,150,0.1,10,0,760,2829.0,0.5118421052631579
412,61,1.4962733783242514,55,43,PPP,0,0,0,1,50,350,250,0.1,10,0,569,5031.0,0.27065026362038663
413,29,0.9150657179284437,31,27,PPP,0,0,0,1,50,500,150,0.1,10,0,998,-1269.0,0.28857715430861725
414,19,2.015345629066408,65,15,PPP,0,0,0,1,400,300,150,0.1,10,0,523,-2811.0,0.45124282982791586
415,42,1.561945900661961,26,27,PPP,0,0,0,1,200,250,100,0.1,10,0,658,2747.0,0.49848024316109424
416,14,2.8952430339472843,42,38,PPP,0,0,0,1,100,150,150,0.1,10,0,318,4988.0,0.36792452830188677
417,87,0.7821939560221287,20,10,PPP,0,0,0,1,400,500,150,0.1,10,0,1560,-967.0,0.5083333333333333
418,25,1.7550780050032144,69,46,PPP,0,0,0,1,150,200,100,0.1,10,0,508,-1621.0,0.42913385826771655
419,84,2.004244987961073,26,16,PPP,0,0,0,1,200,300,200,0.1,10,0,515,1394.0,0.43106796116504853
420,20,2.2897958173677466,51,41,PPP,0,0,0,1,100,450,50,0.1,10,0,407,-679.0,0.32923832923832924
421,36,2.424298827912567,12,50,PPP,0,0,0,1,300,200,150,0.1,10,0,349,-3027.0,0.501432664756447
422,97,1.2409601603235152,53,27,PPP,0,0,0,1,350,300,100,0.1,10,0,776,268.0,0.4961340206185567
423,39,3.4908857718139394,88,22,PPP,0,0,0,1,500,150,200,0.1,10,0,226,4791.0,0.5088495575221239
424,35,0.6002388749977355,73,49,PPP,0,0,0,1,300,200,250,0.1,10,0,838,8471.0,0.548926014319809
425,64,2.1547833170328556,63,40,PPP,0,0,0,1,400,400,50,0.1,10,0,427,523.0,0.522248243559719
426,52,2.670651799660023,93,25,PPP,0,0,0,1,450,100,100,0.1,10,0,348,-477.0,0.49137931034482757
427,14,3.443315072152838,32,25,PPP,0,0,0,1,150,100,100,0.1,10,0,228,8093.0,0.3991228070175439
428,45,2.64376473975428,22,40,PPP,0,0,0,1,400,100,100,0.1,10,0,333,874.0,0.5045045045045045
429,51,0.7468322441894709,62,27,PPP,0,0,0,1,400,200,50,0.1,10,0,1074,108.0,0.5083798882681564
430,55,1.3391672999319235,39,12,PPP,0,0,0,1,250,300,200,0.1,10,0,866,12435.0,0.5069284064665127
431,37,2.3559108577235035,21,38,PPP,0,0,0,1,300,300,150,0.1,10,0,383,-6318.0,0.46475195822454307
432,49,2.952117892943348,68,22,PPP,0,0,0,1,150,300,250,0.1,10,0,294,-4804.0,0.3231292517006803
433,29,3.155918705916772,45,46,PPP,0,0,0,1,100,200,50,0.1,10,0,270,1093.0,0.29259259259259257
434,57,1.2788763106115473,23,47,PPP,0,0,0,1,450,200,250,0.1,10,0,607,-3750.0,0.514003294892916
435,95,1.3154969647522345,31,36,PPP,0,0,0,1,150,300,200,0.1,10,0,680,2406.0,0.43676470588235294
436,65,1.5133688793130902,66,15,PPP,0,0,0,1,100,100,150,0.1,10,0,745,898.0,0.38523489932885907
437,34,2.900145459607928,49,19,PPP,0,0,0,1,450,400,250,0.1,10,0,294,1415.0,0.46598639455782315
438,80,2.3484235868449064,82,10,PPP,0,0,0,1,50,50,200,0.1,10,0,358,2027.0,0.27932960893854747
439,82,3.252374662187769,29,44,PPP,0,0,0,1,350,100,150,0.1,10,0,250,837.0,0.504
440,98,2.510409401963385,78,25,PPP,0,0,0,1,350,400,200,0.1,10,0,374,-3151.0,0.46524064171123
441,84,0.5884374795266675,75,45,PPP,0,0,0,1,250,200,150,0.1,10,0,864,10342.0,0.5474537037037037
442,21,1.6272919596754063,77,33,PPP,0,0,0,1,50,150,100,0.1,10,0,623,1954.0,0.27608346709470305
443,61,2.2389249554047637,25,17,PPP,0,0,0,1,300,50,50,0.1,10,0,430,11933.0,0.5441860465116279
444,64,1.106005046223161,93,17,PPP,0,0,0,1,350,250,100,0.1,10,0,1006,4456.0,0.5278330019880716
445,13,2.2735158484920563,89,9,PPP,0,0,0,1,300,250,250,0.1,10,0,349,-4101.0,0.40974212034383956
446,32,0.8355303129384184,93,25,PPP,0,0,0,1,500,500,100,0.1,10,0,1075,-3215.0,0.5134883720930232
447,93,2.4837836173104284,80,50,PPP,0,0,0,1,50,450,50,0.1,10,0,331,-3021.0,0.18126888217522658
448,92,2.3486062064036934,17,42,PPP,0,0,0,1,200,400,250,0.1,10,0,382,-7552.0,0.38219895287958117
449,58,3.4401667419503625,18,36,PPP,0,0,0,1,500,400,50,0.1,10,0,246,-6397.0,0.45934959349593496
450,62,2.074874993172619,69,37,PPP,0,0,0,1,450,250,100,0.1,10,0,447,-3336.0,0.5100671140939598
451,34,3.340761502588541,54,50,PPP,0,0,0,1,50,300,100,0.1,10,0,250,-1689.0,0.16
452,14,2.713261404267552,62,48,PPP,0,0,0,1,250,450,100,0.1,10,0,332,-1469.0,0.46686746987951805
453,28,1.306270503596752,89,28,PPP,0,0,0,1,350,50,50,0.1,10,0,764,4611.0,0.5091623036649214
454,13,2.266122877573605,29,6,PPP,0,0,0,1,300,500,100,0.1,10,0,325,6651.0,0.39692307692307693
455,48,1.4875217171506385,46,36,PPP,0,0,0,1,400,100,150,0.1,10,0,628,-3386.0,0.5015923566878981
456,23,2.2552423436612425,17,45,PPP,0,0,0,1,300,300,50,0.1,10,0,403,1191.0,0.47642679900744417
457,10,1.8350943917000584,80,25,PPP,0,0,0,1,300,100,150,0.1,10,0,613,3504.0,0.5106035889070146
458,53,1.7155434127560134,41,28,PPP,0,0,0,1,50,450,250,0.1,10,0,595,4947.0,0.2605042016806723
459,67,3.2059674403628113,12,13,PPP,0,0,0,1,500,150,50,0.1,10,0,236,4520.0,0.461864406779661
460,96,0.7813807175356707,57,23,PPP,0,0,0,1,100,50,150,0.1,10,0,1130,455.0,0.4353982300884956
461,34,0.882772743477653,18,6,PPP,0,0,0,1,250,50,150,0.1,10,0,1376,7535.0,0.48473837209302323
462,31,1.9560853579745587,97,6,PPP,0,0,0,1,350,450,200,0.1,10,0,431,1055.0,0.4037122969837587
463,80,0.8089052053081908,60,35,PPP,0,0,0,1,50,350,150,0.1,10,0,894,4988.0,0.2975391498881432
464,35,2.310294869232728,20,12,PPP,0,0,0,1,450,300,50,0.1,10,0,397,4897.0,0.44584382871536526
465,59,0.7921831069373321,23,31,PPP,0,0,0,1,350,350,150,0.1,10,0,970,5234.0,0.534020618556701
466,14,2.4711231271357104,28,41,PPP,0,0,0,1,250,500,250,0.1,10,0,373,6623.0,0.48257372654155495
467,72,1.9341754178421469,52,19,PPP,0,0,0,1,400,400,100,0.1,10,0,551,620.0,0.49183303085299457
468,99,0.8088757333655964,60,5,PPP,0,0,0,1,100,500,50,0.1,10,0,1416,605.0,0.3672316384180791
469,15,2.053498701985177,73,40,PPP,0,0,0,1,150,400,200,0.1,10,0,464,-1849.0,0.41810344827586204
470,49,2.149690990328655,27,30,PPP,0,0,0,1,300,50,200,0.1,10,0,471,-3144.0,0.47983014861995754
471,89,2.1721176424422666,87,47,PPP,0,0,0,1,400,300,250,0.1,10,0,401,-8151.0,0.5037406483790524
472,92,1.673433723180197,50,15,PPP,0,0,0,1,500,350,150,0.1,10,0,663,10313.0,0.49321266968325794
473,100,3.044418181848881,84,48,PPP,0,0,0,1,350,200,100,0.1,10,0,260,-6552.0,0.4230769230769231
474,69,2.2259080906077737,84,35,PPP,0,0,0,1,300,50,200,0.1,10,0,423,-2402.0,0.47044917257683216
475,43,2.936801588756576,72,33,PPP,0,0,0,1,450,100,150,0.1,10,0,304,289.0,0.4967105263157895
476,96,1.0446582465875511,42,32,PPP,0,0,0,1,200,300,150,0.1,10,0,820,8806.0,0.5024390243902439
477,94,1.758640941258934,97,19,PPP,0,0,0,1,150,350,200,0.1,10,0,609,6166.0,0.4318555008210181
478,22,0.780323631089029,96,26,PPP,0,0,0,1,400,500,100,0.1,10,0,1096,2930.0,0.5282846715328468
479,21,1.8442697246148185,52,15,PPP,0,0,0,1,300,100,150,0.1,10,0,605,2431.0,0.4991735537190083
480,69,2.2505454862097314,16,29,PPP,0,0,0,1,100,150,50,0.1,10,0,443,570.0,0.3431151241534989
481,39,0.6974303514851564,54,34,PPP,0,0,0,1,500,50,250,0.1,10,0,984,689.0,0.5203252032520326
482,37,3.192763714231896,42,20,PPP,0,0,0,1,150,300,100,0.1,10,0,250,2576.0,0.356
483,30,1.8998411761029526,83,4,PPP,0,0,0,1,500,450,150,0.1,10,0,449,-2758.0,0.36971046770601335
484,26,1.5082366933908826,61,30,PPP,0,0,0,1,450,200,150,0.1,10,0,671,-3695.0,0.5067064083457526
485,53,1.7946662927650927,61,18,PPP,0,0,0,1,300,100,100,0.1,10,0,595,5775.0,0.492436974789916
486,26,3.2480374026699983,33,20,PPP,0,0,0,1,350,200,150,0.1,10,0,238,3386.0,0.5
487,11,1.240512759466141,85,30,PPP,0,0,0,1,250,100,150,0.1,10,0,796,8422.0,0.5263819095477387
488,66,0.6673259119800252,10,35,PPP,0,0,0,1,350,50,100,0.1,10,0,976,-1909.0,0.5112704918032787
489,50,1.8788817773365039,12,31,PPP,0,0,0,1,450,500,200,0.1,10,0,540,-5620.0,0.512962962962963
490,18,1.156620624185054,21,37,PPP,0,0,0,1,400,200,200,0.1,10,0,748,7385.0,0.5494652406417112
491,62,1.7300949682567555,51,42,PPP,0,0,0,1,100,500,150,0.1,10,0,516,1196.0,0.3643410852713178
492,93,3.1565215982235006,57,7,PPP,0,0,0,1,350,150,100,0.1,10,0,230,5385.0,0.45217391304347826
493,12,1.265200942361392,56,12,PPP,0,0,0,1,100,500,250,0.1,10,0,974,-1657.0,0.37782340862423
494,14,1.0672253578670003,35,28,PPP,0,0,0,1,400,50,150,0.1,10,0,916,3319.0,0.5152838427947598
495,24,1.9790241373765638,37,23,PPP,0,0,0,1,100,500,150,0.1,10,0,545,-2520.0,0.29357798165137616
496,53,3.422629469979836,73,23,PPP,0,0,0,1,450,400,200,0.1,10,0,232,4196.0,0.46120689655172414
497,72,2.2280893541919875,29,41,PPP,0,0,0,1,200,400,50,0.1,10,0,407,-6745.0,0.40786240786240785
498,74,3.3447652530906957,29,47,PPP,0,0,0,1,250,150,50,0.1,10,0,250,370.0,0.448
499,41,1.0934716967567055,53,38,PPP,0,0,0,1,350,300,250,0.1,10,0,754,7617.0,0.5503978779840849
500,90,2.1781455466838118,66,34,PPP,0,0,0,1,250,400,100,0.1,10,0,437,-1657.0,0.4691075514874142
501,64,1.4111398233419812,25,17,PPP,0,0,0,1,100,100,150,0.1,10,0,791,2782.0,0.3906447534766119
502,98,2.449738554208578,69,37,PPP,0,0,0,1,450,450,100,0.1,10,0,372,-8789.0,0.489247311827957
503,16,1.3718046989078947,100,29,PPP,0,0,0,1,350,300,150,0.1,10,0,749,7772.0,0.5313751668891856
504,73,1.253968809795733,27,21,PPP,0,0,0,1,300,350,50,0.1,10,0,852,5992.0,0.5258215962441315
505,36,2.6125492592958985,42,20,PPP,0,0,0,1,300,100,250,0.1,10,0,356,901.0,0.49157303370786515
506,17,0.5095043244806822,74,22,PPP,0,0,0,1,400,350,200,0.1,10,0,1486,-664.0,0.5383580080753702
507,97,1.0625269748875457,44,20,PPP,0,0,0,1,400,300,100,0.1,10,0,972,-2385.0,0.5246913580246914
508,56,2.609620298255365,56,32,PPP,0,0,0,1,100,350,200,0.1,10,0,350,-682.0,0.3
509,98,1.249064254989472,100,39,PPP,0,0,0,1,100,500,200,0.1,10,0,679,5771.0,0.374079528718704
510,49,1.4537943730596339,84,18,PPP,0,0,0,1,50,50,250,0.1,10,0,769,-2379.0,0.27698309492847856
511,65,2.6163024295910615,75,39,PPP,0,0,0,1,450,500,150,0.1,10,0,334,4581.0,0.5359281437125748
512,55,2.898176997285531,22,22,PPP,0,0,0,1,350,250,50,0.1,10,0,300,-1909.0,0.4666666666666667
513,99,2.317673016376216,67,42,PPP,0,0,0,1,100,150,50,0.1,10,0,386,-1356.0,0.3290155440414508
514,40,2.827354099501251,59,15,PPP,0,0,0,1,200,200,250,0.1,10,0,290,475.0,0.41379310344827586
515,37,1.2057893567737104,44,43,PPP,0,0,0,1,400,200,150,0.1,10,0,663,61.0,0.5082956259426847
516,28,2.5073937464461395,71,36,PPP,0,0,0,1,500,300,200,0.1,10,0,377,2633.0,0.506631299734748
517,69,2.465826987591388,56,4,PPP,0,0,0,1,50,450,50,0.1,10,0,324,-2317.0,0.13271604938271606
518,45,2.953525136416898,98,45,PPP,0,0,0,1,300,200,100,0.1,10,0,284,-1374.0,0.45422535211267606
519,49,2.8503850043394325,11,27,PPP,0,0,0,1,150,100,150,0.1,10,0,306,2858.0,0.4084967320261438
520,27,1.5653588206195177,24,15,PPP,0,0,0,1,300,300,250,0.1,10,0,733,5707.0,0.504774897680764
521,88,1.3713504834948287,54,13,PPP,0,0,0,1,200,300,150,0.1,10,0,813,5492.0,0.4797047970479705
522,11,0.5107150526929269,71,49,PPP,0,0,0,1,100,500,50,0.1,10,0,897,3438.0,0.43478260869565216
523,19,2.9311579864661246,97,35,PPP,0,0,0,1,50,350,200,0.1,10,0,308,2259.0,0.22077922077922077
524,24,2.2503059034822614,52,18,PPP,0,0,0,1,200,100,50,0.1,10,0,443,3498.0,0.4672686230248307
525,99,3.317009236089225,32,26,PPP,0,0,0,1,200,500,100,0.1,10,0,246,1366.0,0.35365853658536583
526,34,3.111718605999248,99,50,PPP,0,0,0,1,300,100,100,0.1,10,0,278,-1508.0,0.43884892086330934
527,96,2.4542694168561847,36,45,PPP,0,0,0,1,100,400,200,0.1,10,0,344,-3698.0,0.28488372093023256
528,67,1.3416407150016525,42,45,PPP,0,0,0,1,500,300,250,0.1,10,0,599,-4789.0,0.5141903171953256
529,13,1.5418745160491216,30,31,PPP,0,0,0,1,100,400,100,0.1,10,0,655,-424.0,0.3709923664122137
530,95,2.7725010836087667,45,43,PPP,0,0,0,1,250,50,250,0.1,10,0,298,-1366.0,0.45302013422818793
531,46,1.5500426326418977,68,5,PPP,0,0,0,1,450,150,150,0.1,10,0,581,2715.0,0.43029259896729777
532,41,1.3311500362605866,78,8,PPP,0,0,0,1,100,500,50,0.1,10,0,871,-8727.0,0.3237657864523536
533,70,3.021246287725132,17,34,PPP,0,0,0,1,250,350,150,0.1,10,0,280,6862.0,0.41785714285714287
534,98,0.5695604250359325,35,47,PPP,0,0,0,1,300,500,50,0.1,10,0,856,8682.0,0.5478971962616822
535,86,3.1817687059015753,93,10,PPP,0,0,0,1,500,350,250,0.1,10,0,240,-1015.0,0.375
536,82,3.14834705529157,49,8,PPP,0,0,0,1,200,300,50,0.1,10,0,230,5921.0,0.34782608695652173
537,70,1.9403028744837936,33,26,PPP,0,0,0,1,150,200,250,0.1,10,0,535,7703.0,0.44672897196261685
538,19,3.0127724450142046,29,27,PPP,0,0,0,1,300,200,200,0.1,10,0,302,4758.0,0.46688741721854304
539,98,3.038975537590907,78,21,PPP,0,0,0,1,450,50,200,0.1,10,0,276,-3536.0,0.47101449275362317
540,85,1.3834954808019788,26,5,PPP,0,0,0,1,250,200,250,0.1,10,0,677,6890.0,0.4254062038404727
541,59,0.6802374412697124,55,14,PPP,0,0,0,1,450,300,100,0.1,10,0,1562,-10136.0,0.5198463508322664
542,79,1.9745059626256456,96,7,PPP,0,0,0,1,100,200,100,0.1,10,0,461,4075.0,0.3210412147505423
543,41,2.60436652536651,90,7,PPP,0,0,0,1,300,450,150,0.1,10,0,298,4758.0,0.37919463087248323
544,66,0.7863592052006255,89,7,PPP,0,0,0,1,300,500,100,0.1,10,0,1584,4932.0,0.4842171717171717
545,82,1.8286956289642724,73,34,PPP,0,0,0,1,450,150,150,0.1,10,0,528,724.0,0.5113636363636364
546,27,2.0993579053241875,78,14,PPP,0,0,0,1,200,300,200,0.1,10,0,473,1684.0,0.4080338266384778
547,70,1.0684940880941418,53,29,PPP,0,0,0,1,100,450,150,0.1,10,0,852,5913.0,0.3955399061032864
548,47,1.237523596688371,62,40,PPP,0,0,0,1,100,100,200,0.1,10,0,680,-195.0,0.39558823529411763
549,60,3.4371830633142557,94,7,PPP,0,0,0,1,500,400,250,0.1,10,0,198,-3038.0,0.35858585858585856
550,51,1.8064489709844889,96,12,PPP,0,0,0,1,300,500,200,0.1,10,0,577,6916.0,0.4714038128249567
551,98,2.353509266781723,81,8,PPP,0,0,0,1,450,300,150,0.1,10,0,348,1315.0,0.4396551724137931
552,23,0.674170449024748,55,47,PPP,0,0,0,1,200,350,150,0.1,10,0,830,5715.0,0.5060240963855421
553,57,1.0132701639557875,79,33,PPP,0,0,0,1,450,100,50,0.1,10,0,828,5962.0,0.5205314009661836
554,35,0.5799175484467416,28,42,PPP,0,0,0,1,50,250,50,0.1,10,0,910,2777.0,0.2956043956043956
555,85,1.1152628442150312,20,34,PPP,0,0,0,1,500,50,50,0.1,10,0,762,6835.0,0.5380577427821522
556,63,2.065309098772119,23,12,PPP,0,0,0,1,350,150,50,0.1,10,0,479,3513.0,0.4968684759916493
557,26,3.321510655867011,69,48,PPP,0,0,0,1,250,450,50,0.1,10,0,262,-296.0,0.45038167938931295
558,29,1.882093261578773,20,22,PPP,0,0,0,1,150,50,50,0.1,10,0,575,3296.0,0.44869565217391305
559,86,3.036901212531712,61,18,PPP,0,0,0,1,400,450,150,0.1,10,0,274,-2004.0,0.4233576642335766
560,55,2.0339762714303187,28,31,PPP,0,0,0,1,450,150,250,0.1,10,0,493,827.0,0.4969574036511156
561,80,1.272341702065022,56,9,PPP,0,0,0,1,250,250,100,0.1,10,0,925,2759.0,0.46702702702702703
562,25,2.5214066211146857,43,47,PPP,0,0,0,1,150,500,250,0.1,10,0,361,5481.0,0.39335180055401664
563,28,1.1794267454605254,12,14,PPP,0,0,0,1,400,350,150,0.1,10,0,1021,3122.0,0.5142017629774731
564,54,0.8442484603704222,67,49,PPP,0,0,0,1,100,400,150,0.1,10,0,740,1573.0,0.37027027027027026
565,92,1.5662088197366348,20,18,PPP,0,0,0,1,250,300,50,0.1,10,0,689,12269.0,0.49782293178519593
566,36,2.8108116471028737,82,14,PPP,0,0,0,1,300,200,100,0.1,10,0,294,4829.0,0.4421768707482993
567,79,2.139966805113649,11,32,PPP,0,0,0,1,100,150,150,0.1,10,0,451,-996.0,0.35476718403547675
568,82,2.160133465674012,20,9,PPP,0,0,0,1,50,500,250,0.1,10,0,418,-1229.0,0.15789473684210525
569,74,1.8424481834844244,39,27,PPP,0,0,0,1,500,450,100,0.1,10,0,561,-818.0,0.5187165775401069
570,59,1.7588614919958312,72,27,PPP,0,0,0,1,100,400,200,0.1,10,0,593,5937.0,0.35413153456998314
571,66,0.5927984843984488,50,19,PPP,0,0,0,1,500,350,100,0.1,10,0,1478,-3555.0,0.5216508795669824
572,15,1.1531772079617708,54,16,PPP,0,0,0,1,100,100,250,0.1,10,0,1045,7799.0,0.44593301435406696
573,72,2.129120557723173,74,4,PPP,0,0,0,1,450,150,200,0.1,10,0,386,-2726.0,0.42487046632124353
574,35,1.274644906089068,49,17,PPP,0,0,0,1,300,50,50,0.1,10,0,899,2196.0,0.4938820912124583
575,58,2.588033321351413,16,47,PPP,0,0,0,1,50,400,100,0.1,10,0,323,-482.0,0.21362229102167182
576,100,1.39857885776621,80,15,PPP,0,0,0,1,450,350,50,0.1,10,0,785,7044.0,0.510828025477707
577,95,1.3675906087945338,15,17,PPP,0,0,0,1,50,350,250,0.1,10,0,813,324.0,0.23247232472324722
578,25,1.0388857960607165,44,47,PPP,0,0,0,1,100,350,50,0.1,10,0,687,2529.0,0.38719068413391555
579,65,2.8575132459163184,22,26,PPP,0,0,0,1,450,300,200,0.1,10,0,300,-1345.0,0.4766666666666667
580,17,2.574690851432715,43,16,PPP,0,0,0,1,450,500,250,0.1,10,0,340,1047.0,0.43529411764705883
581,19,3.343415128885416,85,35,PPP,0,0,0,1,300,500,150,0.1,10,0,252,4414.0,0.46825396825396826
582,58,2.9121088326225255,21,26,PPP,0,0,0,1,500,400,150,0.1,10,0,294,-510.0,0.47278911564625853
583,50,0.5654575778947442,61,41,PPP,0,0,0,1,100,500,50,0.1,10,0,932,5315.0,0.4334763948497854
584,33,3.219409856113924,27,13,PPP,0,0,0,1,300,450,100,0.1,10,0,222,1820.0,0.3918918918918919
585,97,0.7205212018305369,63,42,PPP,0,0,0,1,450,50,150,0.1,10,0,840,6238.0,0.5238095238095238
586,96,2.200623282097199,27,40,PPP,0,0,0,1,450,100,100,0.1,10,0,413,-4968.0,0.47699757869249393
587,55,2.378777179052604,86,35,PPP,0,0,0,1,400,500,250,0.1,10,0,379,6540.0,0.5514511873350924
588,79,1.0907391133072868,57,19,PPP,0,0,0,1,350,450,200,0.1,10,0,982,3259.0,0.5193482688391039
589,73,1.7872507106654787,84,46,PPP,0,0,0,1,100,200,150,0.1,10,0,482,-359.0,0.3381742738589212
590,68,2.1980119357048844,71,5,PPP,0,0,0,1,450,500,100,0.1,10,0,366,-2423.0,0.3879781420765027
591,83,1.304023059534456,49,30,PPP,0,0,0,1,350,200,100,0.1,10,0,716,-508.0,0.5251396648044693
592,27,0.8150261661643652,72,49,PPP,0,0,0,1,500,450,250,0.1,10,0,754,-1744.0,0.5397877984084881
593,69,2.4454679397599515,24,33,PPP,0,0,0,1,500,50,50,0.1,10,0,387,1567.0,0.4754521963824289
594,41,0.5949454954935897,51,35,PPP,0,0,0,1,50,200,50,0.1,10,0,1026,3299.0,0.3138401559454191
595,76,1.0597121946516435,97,8,PPP,0,0,0,1,450,100,50,0.1,10,0,1139,3724.0,0.4934152765583846
596,93,0.6187164760264591,10,38,PPP,0,0,0,1,200,200,250,0.1,10,0,962,2772.0,0.5103950103950103
597,19,1.5616275638855366,50,34,PPP,0,0,0,1,500,400,100,0.1,10,0,637,2525.0,0.5290423861852434
598,94,1.090028612554284,80,34,PPP,0,0,0,1,150,50,200,0.1,10,0,772,3383.0,0.49093264248704666
599,88,3.144684226975631,54,39,PPP,0,0,0,1,150,450,150,0.1,10,0,260,2026.0,0.35384615384615387
600,68,1.5238736322650044,58,16,PPP,0,0,0,1,450,450,100,0.1,10,0,733,7545.0,0.5211459754433834
601,21,2.29933906695406,19,18,PPP,0,0,0,1,250,450,200,0.1,10,0,425,2445.0,0.4588235294117647
602,77,2.526692244528698,67,21,PPP,0,0,0,1,200,100,150,0.1,10,0,366,6516.0,0.47540983606557374
603,93,1.1833850755665147,91,38,PPP,0,0,0,1,250,300,200,0.1,10,0,712,9083.0,0.5393258426966292
604,16,2.9522560395713584,50,24,PPP,0,0,0,1,250,450,50,0.1,10,0,296,3412.0,0.4189189189189189
605,29,1.684367013044151,54,29,PPP,0,0,0,1,150,350,50,0.1,10,0,615,6489.0,0.45691056910569106
606,82,1.4955417516857477,99,39,PPP,0,0,0,1,400,500,100,0.1,10,0,597,-5230.0,0.5159128978224455
607,25,3.0605433168474088,93,17,PPP,0,0,0,1,500,100,250,0.1,10,0,258,-2506.0,0.4728682170542636
608,18,1.1249581518533023,62,37,PPP,0,0,0,1,50,500,250,0.1,10,0,752,-1478.0,0.2646276595744681
609,94,0.578961297276381,89,10,PPP,0,0,0,1,150,300,150,0.1,10,0,1963,7804.0,0.5022924095771778
610,61,1.101237749312375,73,21,PPP,0,0,0,1,100,500,150,0.1,10,0,942,2222.0,0.40658174097664546
611,72,1.2347203665960969,91,50,PPP,0,0,0,1,450,350,250,0.1,10,0,601,-5862.0,0.5291181364392679
612,57,1.3511402848057241,77,8,PPP,0,0,0,1,200,300,100,0.1,10,0,841,844.0,0.4268727705112961
613,29,1.7920176852336245,50,43,PPP,0,0,0,1,450,400,200,0.1,10,0,519,-9269.0,0.51252408477842
614,13,2.3742370281560934,98,23,PPP,0,0,0,1,250,200,200,0.1,10,0,409,2150.0,0.46943765281173594
615,78,0.6820176813611332,61,4,PPP,0,0,0,1,250,100,200,0.1,10,0,1604,-179.0,0.43453865336658354
616,23,2.5433829500091276,16,25,PPP,0,0,0,1,50,500,150,0.1,10,0,367,443.0,0.20708446866485014
617,27,1.7641172769628386,10,37,PPP,0,0,0,1,350,350,250,0.1,10,0,559,-2530.0,0.5062611806797853
618,15,1.9940436038527514,91,34,PPP,0,0,0,1,350,100,150,0.1,10,0,508,6598.0,0.5236220472440944
619,50,1.2721031706230215,54,41,PPP,0,0,0,1,50,150,150,0.1,10,0,653,1556.0,0.27411944869831545
620,62,2.183445169039677,62,45,PPP,0,0,0,1,50,350,50,0.1,10,0,405,-1873.0,0.21481481481481482
621,96,2.0759261060895717,34,9,PPP,0,0,0,1,500,150,50,0.1,10,0,440,-2760.0,0.44772727272727275
622,78,2.856647767551952,60,49,PPP,0,0,0,1,500,350,250,0.1,10,0,280,-2617.0,0.49642857142857144
623,22,1.9561643590359319,55,49,PPP,0,0,0,1,50,300,250,0.1,10,0,455,-408.0,0.23956043956043957
624,27,1.5010998023218702,64,14,PPP,0,0,0,1,350,350,200,0.1,10,0,771,1128.0,0.5006485084306096
625,15,3.292336809511279,39,40,PPP,0,0,0,1,300,350,100,0.1,10,0,271,-4445.0,0.45018450184501846
626,98,2.9852230930466854,43,11,PPP,0,0,0,1,50,150,150,0.1,10,0,264,-506.0,0.1856060606060606
627,48,1.6453723561616465,88,12,PPP,0,0,0,1,200,200,150,0.1,10,0,674,4655.0,0.4688427299703264
628,57,0.9673158391227445,49,11,PPP,0,0,0,1,200,50,50,0.1,10,0,1284,-2679.0,0.4742990654205608
629,54,1.0769348516249844,95,46,PPP,0,0,0,1,100,50,50,0.1,10,0,689,8816.0,0.44847605224963716
630,42,1.642758365174125,38,34,PPP,0,0,0,1,300,150,50,0.1,10,0,587,295.0,0.524701873935264
631,29,1.8381501798816537,99,23,PPP,0,0,0,1,250,250,100,0.1,10,0,602,8920.0,0.5066445182724253
632,42,1.8879302965269478,49,20,PPP,0,0,0,1,400,150,250,0.1,10,0,567,-122.0,0.5202821869488536
633,53,1.7545067076970229,81,4,PPP,0,0,0,1,250,350,250,0.1,10,0,477,3239.0,0.38155136268343814
634,92,3.257186298103206,11,45,PPP,0,0,0,1,150,250,150,0.1,10,0,252,1342.0,0.3611111111111111
635,100,2.8886292047469393,67,9,PPP,0,0,0,1,450,50,50,0.1,10,0,258,3214.0,0.4883720930232558
636,92,2.309658375045349,86,21,PPP,0,0,0,1,400,200,200,0.1,10,0,408,7883.0,0.5318627450980392
637,73,1.7966314422192293,12,49,PPP,0,0,0,1,250,150,50,0.1,10,0,475,-6075.0,0.44842105263157894
638,58,1.8046004147053751,30,40,PPP,0,0,0,1,50,250,50,0.1,10,0,504,2646.0,0.24801587301587302
639,38,3.381992038602382,25,47,PPP,0,0,0,1,50,500,100,0.1,10,0,252,-1753.0,0.15873015873015872
640,64,2.2978526226068388,27,6,PPP,0,0,0,1,300,100,250,0.1,10,0,358,1848.0,0.44972067039106145
641,68,3.31627135108769,58,18,PPP,0,0,0,1,50,500,200,0.1,10,0,232,525.0,0.16379310344827586
642,10,3.0457461735415925,95,10,PPP,0,0,0,1,350,50,150,0.1,10,0,208,3032.0,0.4807692307692308
643,79,1.1213090449206424,91,42,PPP,0,0,0,1,450,50,200,0.1,10,0,697,4975.0,0.5294117647058824
644,28,1.3591102042132213,35,24,PPP,0,0,0,1,100,250,200,0.1,10,0,792,1808.0,0.37752525252525254
645,31,0.7155785383457338,45,10,PPP,0,0,0,1,250,500,100,0.1,10,0,1718,1929.0,0.5069848661233993
646,59,0.993652602794376,66,39,PPP,0,0,0,1,200,500,50,0.1,10,0,778,11510.0,0.5089974293059126
647,81,2.3150338992193182,74,19,PPP,0,0,0,1,300,200,200,0.1,10,0,416,4309.0,0.5144230769230769
648,74,3.0395608289692624,76,29,PPP,0,0,0,1,300,450,200,0.1,10,0,282,-841.0,0.43617021276595747
649,38,1.531259964607048,96,35,PPP,0,0,0,1,150,100,150,0.1,10,0,620,860.0,0.45483870967741935
650,71,2.4288587511862145,50,35,PPP,0,0,0,1,450,450,250,0.1,10,0,381,591.0,0.5013123359580053
651,26,2.0517625918484206,99,10,PPP,0,0,0,1,350,100,150,0.1,10,0,473,-3186.0,0.44820295983086683
652,85,0.7696093420485294,13,42,PPP,0,0,0,1,400,100,250,0.1,10,0,822,4649.0,0.537712895377129
653,20,0.8453324685148753,57,5,PPP,0,0,0,1,450,400,250,0.1,10,0,1362,414.0,0.44713656387665196
654,92,3.24655791476009,81,49,PPP,0,0,0,1,350,450,100,0.1,10,0,248,-1460.0,0.4596774193548387
655,81,2.2625605865910465,52,43,PPP,0,0,0,1,100,200,50,0.1,10,0,394,-1829.0,0.3299492385786802
656,54,0.6113951577778445,46,33,PPP,0,0,0,1,350,300,150,0.1,10,0,1040,3401.0,0.5490384615384616
657,63,1.0343208354130886,88,9,PPP,0,0,0,1,250,400,100,0.1,10,0,1177,2495.0,0.4817332200509771
658,69,0.9350630959470818,18,4,PPP,0,0,0,1,250,450,100,0.1,10,0,1060,-545.0,0.39716981132075474
659,95,2.490072843665695,74,22,PPP,0,0,0,1,400,150,50,0.1,10,0,378,9558.0,0.5317460317460317
660,80,2.789376277107097,60,33,PPP,0,0,0,1,300,50,50,0.1,10,0,312,-2116.0,0.4358974358974359
661,59,2.2374111946461333,47,42,PPP,0,0,0,1,500,50,150,0.1,10,0,399,90.0,0.5087719298245614
662,46,0.7300298869533921,66,40,PPP,0,0,0,1,250,150,100,0.1,10,0,860,10548.0,0.5488372093023256
663,74,1.66615528062075,94,6,PPP,0,0,0,1,150,150,150,0.1,10,0,553,-5127.0,0.379746835443038
664,20,1.2627247922153915,99,4,PPP,0,0,0,1,500,50,150,0.1,10,0,727,-5946.0,0.4607977991746905
665,20,1.786447169745244,10,20,PPP,0,0,0,1,450,100,100,0.1,10,0,631,10351.0,0.5245641838351822
666,86,2.2557578039410213,23,21,PPP,0,0,0,1,50,450,150,0.1,10,0,432,886.0,0.2199074074074074
667,36,2.114970842930886,91,38,PPP,0,0,0,1,450,150,50,0.1,10,0,442,-1964.0,0.5090497737556561
668,78,1.4061856064600664,55,36,PPP,0,0,0,1,450,500,150,0.1,10,0,643,-1922.0,0.5334370139968896
669,95,0.9105101748891313,35,22,PPP,0,0,0,1,450,50,100,0.1,10,0,1054,402.0,0.5056925996204934
670,44,3.231652931708958,15,48,PPP,0,0,0,1,150,200,100,0.1,10,0,260,-5142.0,0.3269230769230769
671,85,1.4908045554144813,62,29,PPP,0,0,0,1,400,400,50,0.1,10,0,663,-3005.0,0.5128205128205128
672,42,0.78752746324224,56,45,PPP,0,0,0,1,400,350,100,0.1,10,0,806,-1790.0,0.5421836228287841
673,69,2.776954427210435,89,9,PPP,0,0,0,1,300,250,150,0.1,10,0,272,9464.0,0.4411764705882353
674,99,3.0706610967706456,72,23,PPP,0,0,0,1,50,450,150,0.1,10,0,274,-1744.0,0.16423357664233576
675,27,0.514267702056583,11,47,PPP,0,0,0,1,400,100,200,0.1,10,0,898,9458.0,0.5523385300668151
676,59,3.4226907472130237,45,26,PPP,0,0,0,1,400,400,250,0.1,10,0,240,1248.0,0.45
677,88,2.929883476535702,40,48,PPP,0,0,0,1,450,450,200,0.1,10,0,272,-8660.0,0.4852941176470588
678,74,2.565150103430327,91,48,PPP,0,0,0,1,50,200,200,0.1,10,0,320,-1276.0,0.20625
679,48,0.5642406821988536,69,30,PPP,0,0,0,1,50,50,250,0.1,10,0,1144,1305.0,0.3374125874125874
680,82,1.9924745834555861,77,48,PPP,0,0,0,1,250,350,150,0.1,10,0,433,-8924.0,0.4341801385681293
681,61,2.263006809519299,97,28,PPP,0,0,0,1,400,350,100,0.1,10,0,439,-2596.0,0.4783599088838269
682,70,1.0511205182500936,75,45,PPP,0,0,0,1,300,500,50,0.1,10,0,699,4080.0,0.542203147353362
683,76,1.2090372865298928,63,19,PPP,0,0,0,1,150,500,150,0.1,10,0,916,8027.0,0.4672489082969432
684,47,2.2021183214869238,63,19,PPP,0,0,0,1,300,200,200,0.1,10,0,465,885.0,0.4924731182795699
685,51,1.0130297314507413,55,37,PPP,0,0,0,1,400,350,50,0.1,10,0,792,4755.0,0.5404040404040404
686,43,3.4877186355735743,38,8,PPP,0,0,0,1,150,100,100,0.1,10,0,192,-1338.0,0.3125
687,74,0.6777157520818733,15,12,PPP,0,0,0,1,350,500,200,0.1,10,0,1666,-3819.0,0.5126050420168067
688,56,2.648124415810541,38,36,PPP,0,0,0,1,250,400,100,0.1,10,0,342,-751.0,0.43859649122807015
689,97,3.3055439255600136,30,13,PPP,0,0,0,1,50,150,150,0.1,10,0,228,2724.0,0.20614035087719298
690,48,0.715892027012029,72,34,PPP,0,0,0,1,350,150,50,0.1,10,0,966,1179.0,0.5320910973084886
691,47,1.0408601971765912,95,33,PPP,0,0,0,1,300,350,150,0.1,10,0,812,7042.0,0.5295566502463054
692,66,1.918777047459167,43,11,PPP,0,0,0,1,200,450,250,0.1,10,0,527,740.0,0.4117647058823529
693,38,1.6010979327298567,34,27,PPP,0,0,0,1,350,350,150,0.1,10,0,644,325.0,0.5124223602484472
694,33,1.7781973366814543,90,50,PPP,0,0,0,1,50,300,50,0.1,10,0,487,97.0,0.25256673511293637
695,67,1.8807455836814586,47,9,PPP,0,0,0,1,50,50,150,0.1,10,0,529,2968.0,0.277882797731569
696,42,2.2883735178286626,25,29,PPP,0,0,0,1,250,300,200,0.1,10,0,435,-10238.0,0.4114942528735632
697,61,3.1963824906801266,20,45,PPP,0,0,0,1,400,100,50,0.1,10,0,256,-4847.0,0.4296875
698,52,0.7983893359836018,27,38,PPP,0,0,0,1,50,50,250,0.1,10,0,854,801.0,0.32435597189695553
699,48,0.7429769217500208,94,45,PPP,0,0,0,1,150,500,50,0.1,10,0,814,3486.0,0.4557739557739558
700,69,2.6949704888226336,66,16,PPP,0,0,0,1,400,150,50,0.1,10,0,318,63.0,0.4716981132075472
701,85,2.961103492291072,35,19,PPP,0,0,0,1,350,350,100,0.1,10,0,286,-1466.0,0.45454545454545453
702,46,1.2021442695488669,53,45,PPP,0,0,0,1,250,450,150,0.1,10,0,639,-3527.0,0.49139280125195617
703,21,0.5907630101351086,24,21,PPP,0,0,0,1,100,400,150,0.1,10,0,1412,3106.0,0.4412181303116147
704,88,2.84745709863247,92,13,PPP,0,0,0,1,200,400,200,0.1,10,0,282,3542.0,0.34397163120567376
705,87,0.6141446456657048,19,27,PPP,0,0,0,1,250,50,150,0.1,10,0,1166,5884.0,0.5214408233276158
706,31,0.7977722494712532,51,49,PPP,0,0,0,1,250,100,250,0.1,10,0,760,3464.0,0.5052631578947369
707,22,0.5107384734299091,41,47,PPP,0,0,0,1,300,500,200,0.1,10,0,908,9137.0,0.5638766519823789
708,22,3.395444160839295,43,32,PPP,0,0,0,1,400,150,250,0.1,10,0,254,2966.0,0.5078740157480315
709,20,2.257448844396806,59,31,PPP,0,0,0,1,150,300,50,0.1,10,0,440,-3301.0,0.3704545454545455
710,85,2.8035681412991313,46,5,PPP,0,0,0,1,300,300,100,0.1,10,0,272,7734.0,0.40441176470588236
711,75,2.163628895290892,75,35,PPP,0,0,0,1,300,50,100,0.1,10,0,435,-4451.0,0.47126436781609193
712,75,1.61386401302912,60,33,PPP,0,0,0,1,400,350,100,0.1,10,0,605,-2141.0,0.515702479338843
713,17,0.5631457123035685,30,19,PPP,0,0,0,1,350,400,150,0.1,10,0,1558,-3627.0,0.524390243902439
714,87,0.5605636911373828,34,36,PPP,0,0,0,1,300,400,50,0.1,10,0,1020,5580.0,0.546078431372549
715,60,2.431377444901508,20,34,PPP,0,0,0,1,500,500,100,0.1,10,0,377,5497.0,0.53315649867374
716,22,0.9909574065205381,11,16,PPP,0,0,0,1,150,250,250,0.1,10,0,1172,1554.0,0.4761092150170648
717,44,3.210301838103749,26,23,PPP,0,0,0,1,200,300,150,0.1,10,0,256,6320.0,0.421875
718,22,3.202338770896115,90,5,PPP,0,0,0,1,50,200,150,0.1,10,0,222,-847.0,0.14864864864864866
719,44,3.3496563944158697,48,20,PPP,0,0,0,1,100,450,150,0.1,10,0,236,2525.0,0.2584745762711864
720,18,0.837115873786256,85,13,PPP,0,0,0,1,300,400,250,0.1,10,0,1414,-2663.0,0.521923620933522
721,20,1.954858137262553,100,8,PPP,0,0,0,1,450,300,200,0.1,10,0,451,5261.0,0.42572062084257206
722,100,1.7082658429742898,30,6,PPP,0,0,0,1,400,400,150,0.1,10,0,537,2854.0,0.409683426443203
723,38,1.8293107909324209,39,32,PPP,0,0,0,1,350,450,50,0.1,10,0,553,-5566.0,0.5081374321880651
724,19,2.2816809043716333,48,32,PPP,0,0,0,1,50,300,200,0.1,10,0,436,589.0,0.20871559633027523
725,48,0.7377105379209933,84,24,PPP,0,0,0,1,300,250,250,0.1,10,0,1140,-5340.0,0.5157894736842106
726,50,1.8889236169653953,38,48,PPP,0,0,0,1,150,350,50,0.1,10,0,461,-2888.0,0.38611713665943603
727,44,2.609377970337478,58,8,PPP,0,0,0,1,50,100,100,0.1,10,0,290,5024.0,0.20689655172413793
728,32,2.338498763693073,63,39,PPP,0,0,0,1,200,500,50,0.1,10,0,401,-6644.0,0.3940149625935162
729,87,2.4420654598766327,46,13,PPP,0,0,0,1,350,100,250,0.1,10,0,370,-6694.0,0.4540540540540541
730,14,3.150901830024562,82,6,PPP,0,0,0,1,300,250,150,0.1,10,0,216,7596.0,0.41203703703703703
731,26,1.547153229340232,94,10,PPP,0,0,0,1,200,300,50,0.1,10,0,709,7905.0,0.4414668547249647
732,86,3.362788360153553,47,42,PPP,0,0,0,1,500,450,200,0.1,10,0,244,-8252.0,0.46311475409836067
733,76,1.7728718433548023,100,49,PPP,0,0,0,1,350,250,50,0.1,10,0,471,-5139.0,0.4968152866242038
734,30,0.8246696340719991,50,26,PPP,0,0,0,1,300,450,250,0.1,10,0,1062,346.0,0.5094161958568738
735,92,1.725621256058744,92,8,PPP,0,0,0,1,350,200,150,0.1,10,0,559,7106.0,0.47048300536672627
736,23,2.5020693770614915,75,24,PPP,0,0,0,1,350,200,100,0.1,10,0,381,572.0,0.5013123359580053
737,17,1.9524746053863746,79,12,PPP,0,0,0,1,200,250,100,0.1,10,0,501,2876.0,0.41916167664670656
738,24,0.646224355680413,91,49,PPP,0,0,0,1,200,350,150,0.1,10,0,824,3454.0,0.4975728155339806
739,11,3.0383343164363117,89,26,PPP,0,0,0,1,100,200,100,0.1,10,0,278,5366.0,0.32014388489208634
740,50,2.9495050871605732,98,43,PPP,0,0,0,1,450,350,200,0.1,10,0,290,-79.0,0.5103448275862069
741,19,2.6689282516983406,58,46,PPP,0,0,0,1,50,150,250,0.1,10,0,340,-1320.0,0.22941176470588234
742,79,2.003855872055949,54,44,PPP,0,0,0,1,400,300,200,0.1,10,0,443,27.0,0.5282167042889391
743,86,1.1856847082959563,36,43,PPP,0,0,0,1,450,250,100,0.1,10,0,667,-565.0,0.5187406296851574
744,40,0.7010561217066421,91,22,PPP,0,0,0,1,300,100,200,0.1,10,0,1244,-3253.0,0.5048231511254019
745,16,3.489682740346854,26,23,PPP,0,0,0,1,250,250,250,0.1,10,0,215,6128.0,0.46511627906976744
746,26,1.103068857544521,30,44,PPP,0,0,0,1,350,400,50,0.1,10,0,697,2044.0,0.5437589670014347
747,53,2.2887367055203502,62,15,PPP,0,0,0,1,100,350,100,0.1,10,0,414,-517.0,0.28019323671497587
748,48,3.3865997708893425,47,35,PPP,0,0,0,1,100,150,50,0.1,10,0,256,-2930.0,0.28515625
749,38,1.7101229873487664,29,48,PPP,0,0,0,1,300,400,250,0.1,10,0,509,-3705.0,0.48919449901768175
750,51,2.738550355730641,68,29,PPP,0,0,0,1,500,200,50,0.1,10,0,332,2836.0,0.4939759036144578
751,91,2.0867942925451106,97,12,PPP,0,0,0,1,100,50,200,0.1,10,0,471,-849.0,0.39490445859872614
752,13,2.3472293885392905,99,34,PPP,0,0,0,1,350,450,200,0.1,10,0,412,3165.0,0.5121359223300971
753,16,0.6802448912250844,91,41,PPP,0,0,0,1,500,50,250,0.1,10,0,882,2585.0,0.5351473922902494
754,96,1.6326888920478355,13,34,PPP,0,0,0,1,250,250,100,0.1,10,0,579,414.0,0.4991364421416235
755,76,0.8947142603030779,59,47,PPP,0,0,0,1,250,350,100,0.1,10,0,738,1024.0,0.5040650406504065
756,67,1.2091878685791533,16,37,PPP,0,0,0,1,400,200,50,0.1,10,0,706,6443.0,0.5439093484419264
757,57,1.3822091043279414,96,36,PPP,0,0,0,1,450,300,100,0.1,10,0,654,1049.0,0.536697247706422
758,74,2.1867511939406814,81,31,PPP,0,0,0,1,250,200,150,0.1,10,0,445,1590.0,0.5123595505617977
759,92,3.377768401658952,44,49,PPP,0,0,0,1,200,150,150,0.1,10,0,236,3456.0,0.4449152542372881
760,71,3.3593453582302235,76,7,PPP,0,0,0,1,350,500,100,0.1,10,0,208,-4616.0,0.3269230769230769
761,88,1.8715372324476376,95,6,PPP,0,0,0,1,450,500,200,0.1,10,0,469,-660.0,0.4115138592750533
762,22,1.2646461461217018,87,29,PPP,0,0,0,1,500,400,250,0.1,10,0,780,12417.0,0.5653846153846154
763,43,2.842923338701998,38,31,PPP,0,0,0,1,250,300,150,0.1,10,0,312,1661.0,0.4551282051282051
764,52,1.8785067258300128,74,5,PPP,0,0,0,1,350,500,150,0.1,10,0,453,-3782.0,0.3818984547461369
765,60,0.7799815514302,71,34,PPP,0,0,0,1,500,100,200,0.1,10,0,914,1021.0,0.5185995623632386
766,85,2.818616825372246,33,25,PPP,0,0,0,1,250,450,150,0.1,10,0,310,-4266.0,0.3935483870967742
767,37,2.9819357425176762,83,6,PPP,0,0,0,1,450,500,150,0.1,10,0,240,7893.0,0.3875
768,51,1.9012370418015123,98,43,PPP,0,0,0,1,500,300,250,0.1,10,0,473,-6078.0,0.5095137420718816
769,59,1.4910993065811549,27,30,PPP,0,0,0,1,200,200,250,0.1,10,0,664,2221.0,0.48042168674698793
770,54,1.1997206276246106,23,4,PPP,0,0,0,1,500,450,150,0.1,10,0,770,-1038.0,0.36623376623376624
771,16,2.0250629936016598,65,10,PPP,0,0,0,1,50,450,50,0.1,10,0,443,1694.0,0.18510158013544017
772,86,3.0608934370575387,92,37,PPP,0,0,0,1,50,250,250,0.1,10,0,280,3942.0,0.21071428571428572
773,25,2.2276728194304267,68,28,PPP,0,0,0,1,500,450,100,0.1,10,0,452,-478.0,0.5154867256637168
774,21,0.5697279003293398,20,41,PPP,0,0,0,1,150,150,200,0.1,10,0,958,3293.0,0.48434237995824636
775,78,1.8421092171889928,43,15,PPP,0,0,0,1,400,150,50,0.1,10,0,597,3252.0,0.48576214405360135
776,85,1.7988752694814893,59,14,PPP,0,0,0,1,100,500,50,0.1,10,0,609,-1684.0,0.3169129720853859
777,55,1.5162466416466802,54,41,PPP,0,0,0,1,500,350,250,0.1,10,0,591,-7148.0,0.49915397631133673
778,24,2.6442608473041274,77,7,PPP,0,0,0,1,50,100,100,0.1,10,0,280,530.0,0.175
779,35,1.8516098179368592,21,44,PPP,0,0,0,1,150,150,250,0.1,10,0,501,-1471.0,0.4171656686626746
780,90,3.2699797262075414,33,11,PPP,0,0,0,1,200,350,250,0.1,10,0,230,-8401.0,0.2565217391304348
781,77,2.197701789076294,91,44,PPP,0,0,0,1,450,400,150,0.1,10,0,411,-8531.0,0.5012165450121655
782,76,1.1465265035925387,61,5,PPP,0,0,0,1,450,450,250,0.1,10,0,907,-2242.0,0.40573318632855565
783,69,2.841077355985239,11,8,PPP,0,0,0,1,300,250,250,0.1,10,0,262,8777.0,0.44656488549618323
784,54,1.243225905181872,17,27,PPP,0,0,0,1,500,100,250,0.1,10,0,802,2130.0,0.4975062344139651
785,86,2.135244140126219,34,41,PPP,0,0,0,1,200,250,100,0.1,10,0,421,-4454.0,0.43942992874109266
786,46,1.6235638020848904,60,12,PPP,0,0,0,1,100,400,250,0.1,10,0,692,2940.0,0.3554913294797688
787,78,2.0577695849338435,47,10,PPP,0,0,0,1,200,250,50,0.1,10,0,460,999.0,0.40869565217391307
788,22,2.305487000229099,21,9,PPP,0,0,0,1,200,250,50,0.1,10,0,371,3238.0,0.40161725067385445
789,68,3.0308092102268027,23,28,PPP,0,0,0,1,450,100,200,0.1,10,0,284,2318.0,0.4788732394366197
790,43,1.2482369101906288,31,25,PPP,0,0,0,1,100,150,100,0.1,10,0,820,7471.0,0.41585365853658535
791,75,2.0131272916862786,50,15,PPP,0,0,0,1,100,500,100,0.1,10,0,513,4973.0,0.3235867446393762
792,17,2.198374341339176,91,47,PPP,0,0,0,1,200,200,100,0.1,10,0,407,975.0,0.4643734643734644
793,75,3.4665438690428387,47,26,PPP,0,0,0,1,450,350,50,0.1,10,0,242,1075.0,0.4834710743801653
794,69,2.1624367027969886,40,14,PPP,0,0,0,1,400,500,100,0.1,10,0,457,-4795.0,0.45076586433260396
795,58,1.129741037651149,61,47,PPP,0,0,0,1,50,300,200,0.1,10,0,667,4817.0,0.2773613193403298
796,25,0.6082683743667259,48,18,PPP,0,0,0,1,50,50,50,0.1,10,0,1524,-453.0,0.34711286089238846
797,34,2.59756046183299,83,30,PPP,0,0,0,1,50,250,250,0.1,10,0,361,700.0,0.21052631578947367
798,23,2.325067394999081,90,29,PPP,0,0,0,1,350,100,250,0.1,10,0,425,-2850.0,0.4776470588235294
799,52,1.4358633231819753,32,16,PPP,0,0,0,1,450,250,150,0.1,10,0,779,3962.0,0.5186136071887034
800,75,0.9337877479915664,20,41,PPP,0,0,0,1,200,150,200,0.1,10,0,778,8951.0,0.5205655526992288
801,36,3.143216132841597,66,44,PPP,0,0,0,1,50,200,100,0.1,10,0,270,-858.0,0.1814814814814815
802,84,2.7844842622118584,95,29,PPP,0,0,0,1,250,100,200,0.1,10,0,312,-3003.0,0.44871794871794873
803,97,3.01815493144232,24,45,PPP,0,0,0,1,100,500,50,0.1,10,0,272,360.0,0.26838235294117646
804,94,0.7561035544324055,76,35,PPP,0,0,0,1,300,350,200,0.1,10,0,908,1054.0,0.5330396475770925
805,92,1.207695174595985,88,13,PPP,0,0,0,1,250,500,100,0.1,10,0,966,9044.0,0.5010351966873706
806,83,2.4104602908763573,52,36,PPP,0,0,0,1,200,400,50,0.1,10,0,391,-3857.0,0.40153452685422
807,80,1.653046496463007,16,35,PPP,0,0,0,1,150,400,200,0.1,10,0,577,1740.0,0.42980935875216636
808,25,1.632974405553395,18,11,PPP,0,0,0,1,50,150,50,0.1,10,0,673,3141.0,0.24219910846953938
809,36,2.563626334394268,84,19,PPP,0,0,0,1,450,100,200,0.1,10,0,352,514.0,0.5
810,13,2.385410761331871,54,24,PPP,0,0,0,1,250,300,150,0.1,10,0,405,1511.0,0.4666666666666667
811,51,3.012293957832645,85,30,PPP,0,0,0,1,450,300,250,0.1,10,0,290,6233.0,0.4862068965517241
812,91,2.546705799375404,32,41,PPP,0,0,0,1,300,100,100,0.1,10,0,342,-3418.0,0.47368421052631576
813,26,3.4198809560076686,88,9,PPP,0,0,0,1,450,50,50,0.1,10,0,186,-4468.0,0.45161290322580644
814,58,3.431037510190004,94,38,PPP,0,0,0,1,400,400,50,0.1,10,0,240,-6360.0,0.4791666666666667
815,45,2.8293874071560294,77,45,PPP,0,0,0,1,250,200,200,0.1,10,0,298,-1091.0,0.47315436241610737
816,88,0.6860489597617133,23,24,PPP,0,0,0,1,400,450,200,0.1,10,0,1176,-1573.0,0.532312925170068
817,65,1.8089803445749113,69,23,PPP,0,0,0,1,100,300,100,0.1,10,0,602,4750.0,0.3521594684385382
818,38,3.395364697333201,80,44,PPP,0,0,0,1,350,350,250,0.1,10,0,248,-1202.0,0.45161290322580644
819,96,1.8880922050718507,90,4,PPP,0,0,0,1,400,300,250,0.1,10,0,447,1587.0,0.3982102908277405
820,22,2.4600866614493686,31,33,PPP,0,0,0,1,200,450,200,0.1,10,0,389,-5647.0,0.4087403598971722
821,21,0.582516498706348,59,5,PPP,0,0,0,1,100,250,100,0.1,10,0,2096,-4020.0,0.4098282442748092
822,78,3.0801985563902705,91,33,PPP,0,0,0,1,200,400,200,0.1,10,0,274,4495.0,0.3978102189781022
823,72,0.9563746365409903,54,31,PPP,0,0,0,1,500,500,50,0.1,10,0,878,4127.0,0.5341685649202733
824,68,1.1200865398707687,51,37,PPP,0,0,0,1,250,250,100,0.1,10,0,740,11160.0,0.522972972972973
825,68,0.5239389498350516,79,47,PPP,0,0,0,1,50,300,250,0.1,10,0,878,2860.0,0.30296127562642367
826,68,3.4392964650532254,91,21,PPP,0,0,0,1,300,250,50,0.1,10,0,234,2688.0,0.44871794871794873
827,77,1.850155485014397,82,19,PPP,0,0,0,1,350,50,250,0.1,10,0,583,5197.0,0.5060034305317325
828,48,1.9047072256786552,96,40,PPP,0,0,0,1,350,200,50,0.1,10,0,487,-4200.0,0.48254620123203285
829,46,1.099110772655722,19,13,PPP,0,0,0,1,150,150,100,0.1,10,0,1092,-117.0,0.45879120879120877
830,79,3.3298803681548916,29,13,PPP,0,0,0,1,200,500,100,0.1,10,0,230,-1783.0,0.30869565217391304
831,86,1.7762254142087124,50,36,PPP,0,0,0,1,50,450,250,0.1,10,0,531,2038.0,0.22598870056497175
832,99,2.6516220543305415,31,30,PPP,0,0,0,1,350,100,50,0.1,10,0,334,-1326.0,0.47604790419161674
833,99,2.150740090062568,70,41,PPP,0,0,0,1,350,250,250,0.1,10,0,419,-5243.0,0.47255369928400953
834,97,1.3084572765167062,61,7,PPP,0,0,0,1,50,400,250,0.1,10,0,831,-1071.0,0.21419975932611313
835,35,1.9356985396667268,51,19,PPP,0,0,0,1,350,350,100,0.1,10,0,559,-5124.0,0.4847942754919499
836,66,1.476026103371534,48,24,PPP,0,0,0,1,250,200,50,0.1,10,0,702,5691.0,0.5071225071225072
837,88,0.5742244003715108,88,48,PPP,0,0,0,1,100,500,100,0.1,10,0,854,8449.0,0.4274004683840749
838,47,3.4999603941279567,94,34,PPP,0,0,0,1,250,50,100,0.1,10,0,246,-66.0,0.4349593495934959
839,86,2.2235753545973505,24,6,PPP,0,0,0,1,200,250,100,0.1,10,0,382,-1549.0,0.3743455497382199
840,53,1.0394788405228608,71,4,PPP,0,0,0,1,200,350,150,0.1,10,0,922,-3987.0,0.3806941431670282
841,59,2.1048081870545685,51,5,PPP,0,0,0,1,300,450,200,0.1,10,0,387,28.0,0.3875968992248062
842,39,1.89311344303934,20,6,PPP,0,0,0,1,250,450,150,0.1,10,0,455,-1232.0,0.3912087912087912
843,33,0.5186329746683058,35,43,PPP,0,0,0,1,500,200,50,0.1,10,0,934,6595.0,0.569593147751606
844,25,1.2404125377601658,32,32,PPP,0,0,0,1,500,500,100,0.1,10,0,758,2475.0,0.5408970976253298
845,65,1.399333010395392,48,21,PPP,0,0,0,1,400,500,150,0.1,10,0,772,5899.0,0.5284974093264249
846,16,2.621936834478969,49,49,PPP,0,0,0,1,100,400,100,0.1,10,0,340,1366.0,0.3264705882352941
847,56,0.9074996222383288,88,14,PPP,0,0,0,1,400,450,200,0.1,10,0,1274,-9389.0,0.5007849293563579
848,48,2.3173269785535804,94,25,PPP,0,0,0,1,150,50,50,0.1,10,0,433,977.0,0.44341801385681295
849,44,2.0348197160215564,25,22,PPP,0,0,0,1,400,200,200,0.1,10,0,523,5087.0,0.5162523900573613
850,43,1.6025357600007926,52,9,PPP,0,0,0,1,200,200,200,0.1,10,0,653,1917.0,0.44104134762633995
851,100,2.445867742110463,24,38,PPP,0,0,0,1,350,350,200,0.1,10,0,372,-5562.0,0.47580645161290325
852,62,2.5909151885575414,48,19,PPP,0,0,0,1,250,350,100,0.1,10,0,352,3032.0,0.4431818181818182
853,47,2.0112489700427054,39,32,PPP,0,0,0,1,50,50,150,0.1,10,0,497,-687.0,0.2716297786720322
854,62,1.7081188072916889,35,46,PPP,0,0,0,1,400,150,200,0.1,10,0,502,-7664.0,0.48406374501992033
855,82,0.9719706073703515,60,4,PPP,0,0,0,1,500,250,150,0.1,10,0,1030,-8226.0,0.40194174757281553
856,42,1.0901959377080075,20,38,PPP,0,0,0,1,200,500,250,0.1,10,0,754,12143.0,0.5185676392572944
857,74,0.8453563051958367,22,38,PPP,0,0,0,1,450,250,150,0.1,10,0,834,134.0,0.5419664268585132
858,81,0.7491300004908138,65,13,PPP,0,0,0,1,50,350,150,0.1,10,0,1512,-1247.0,0.3002645502645503
859,58,2.588363460248373,88,12,PPP,0,0,0,1,300,450,150,0.1,10,0,322,6668.0,0.43478260869565216
860,66,2.310586439383192,94,45,PPP,0,0,0,1,350,500,150,0.1,10,0,380,-2523.0,0.5026315789473684
861,71,0.6672320103670856,90,14,PPP,0,0,0,1,250,350,100,0.1,10,0,1582,-9621.0,0.49810366624525915
862,35,3.2152163656679087,34,44,PPP,0,0,0,1,400,400,100,0.1,10,0,266,-3639.0,0.462406015037594
863,90,2.6575499034646404,28,7,PPP,0,0,0,1,300,400,100,0.1,10,0,286,6660.0,0.3986013986013986
864,59,1.3225666780841234,40,12,PPP,0,0,0,1,150,200,250,0.1,10,0,879,8279.0,0.45733788395904434
865,22,1.8177352590918048,48,5,PPP,0,0,0,1,450,500,50,0.1,10,0,463,-1684.0,0.38228941684665224
866,42,3.3262091390035904,28,17,PPP,0,0,0,1,200,150,100,0.1,10,0,224,933.0,0.4107142857142857
867,40,1.0801636630102203,61,38,PPP,0,0,0,1,350,500,50,0.1,10,0,756,6797.0,0.5515873015873016
868,94,1.2639659515014252,99,25,PPP,0,0,0,1,50,450,200,0.1,10,0,796,1563.0,0.2550251256281407
869,10,1.4655281567242948,21,37,PPP,0,0,0,1,400,100,150,0.1,10,0,649,331.0,0.5192604006163328
870,12,3.279140532882465,54,50,PPP,0,0,0,1,450,100,250,0.1,10,0,273,4027.0,0.4908424908424908
871,58,3.2542286904443416,28,33,PPP,0,0,0,1,400,50,250,0.1,10,0,266,4594.0,0.518796992481203
872,77,2.903081486757655,27,20,PPP,0,0,0,1,50,250,200,0.1,10,0,292,76.0,0.1917808219178082
873,54,0.6030113581675665,16,48,PPP,0,0,0,1,500,500,50,0.1,10,0,848,3012.0,0.5613207547169812
874,65,1.5516990026946558,24,37,PPP,0,0,0,1,100,150,100,0.1,10,0,591,4219.0,0.38578680203045684
875,39,1.8177200080930345,84,17,PPP,0,0,0,1,450,300,250,0.1,10,0,617,2819.0,0.4959481361426256
876,57,1.2581262675474179,99,22,PPP,0,0,0,1,300,100,200,0.1,10,0,846,9471.0,0.524822695035461
877,27,1.9474324966244605,44,48,PPP,0,0,0,1,200,100,250,0.1,10,0,453,-1959.0,0.45253863134657835
878,66,1.349174124113283,60,19,PPP,0,0,0,1,250,200,100,0.1,10,0,820,7740.0,0.5024390243902439
879,89,1.7409623614373286,31,35,PPP,0,0,0,1,100,300,100,0.1,10,0,550,6968.0,0.36727272727272725
880,85,3.467701222703611,78,49,PPP,0,0,0,1,450,100,250,0.1,10,0,230,-2140.0,0.4826086956521739
881,12,2.1711827629055236,45,17,PPP,0,0,0,1,350,350,200,0.1,10,0,459,-4893.0,0.4444444444444444
882,85,2.775066464280642,87,50,PPP,0,0,0,1,100,400,50,0.1,10,0,290,-1910.0,0.2793103448275862
883,88,2.5265103819520847,41,8,PPP,0,0,0,1,100,50,250,0.1,10,0,318,-59.0,0.3490566037735849
884,96,2.3412422511486684,48,15,PPP,0,0,0,1,450,350,100,0.1,10,0,392,500.0,0.47959183673469385
885,84,2.399356298971693,39,7,PPP,0,0,0,1,400,350,200,0.1,10,0,340,-1147.0,0.4088235294117647
886,51,0.6987626821826541,70,47,PPP,0,0,0,1,150,100,250,0.1,10,0,806,2948.0,0.47518610421836227
887,76,1.5308118968868123,34,43,PPP,0,0,0,1,50,300,50,0.1,10,0,559,1903.0,0.27191413237924866
888,100,0.8390904307225948,67,4,PPP,0,0,0,1,350,450,100,0.1,10,0,1208,-950.0,0.40480132450331124
889,44,0.6324508416982392,13,23,PPP,0,0,0,1,100,450,150,0.1,10,0,1280,-4178.0,0.41640625
890,75,2.849625856133346,20,43,PPP,0,0,0,1,150,250,250,0.1,10,0,290,-1007.0,0.33793103448275863
891,95,3.336156261867556,37,21,PPP,0,0,0,1,250,300,250,0.1,10,0,236,4208.0,0.4279661016949153
892,72,1.0847592423171264,60,8,PPP,0,0,0,1,100,100,100,0.1,10,0,1109,568.0,0.4012623985572588
893,22,2.582172873118573,41,9,PPP,0,0,0,1,150,450,50,0.1,10,0,300,114.0,0.30666666666666664
894,18,1.6420719143356162,10,49,PPP,0,0,0,1,150,150,50,0.1,10,0,522,-6362.0,0.4042145593869732
895,10,2.4681922886760272,63,21,PPP,0,0,0,1,250,300,250,0.1,10,0,371,-2262.0,0.4393530997304582
896,50,2.2544919731769273,11,17,PPP,0,0,0,1,200,350,150,0.1,10,0,442,-3975.0,0.3936651583710407
897,82,2.2138011852505413,59,36,PPP,0,0,0,1,200,350,50,0.1,10,0,429,-4385.0,0.41025641025641024
898,46,1.4247775826565126,45,39,PPP,0,0,0,1,350,500,250,0.1,10,0,623,-6760.0,0.5056179775280899
899,87,3.3414549924850085,11,23,PPP,0,0,0,1,150,100,150,0.1,10,0,246,1641.0,0.43089430894308944
900,12,1.4923987400149388,57,48,PPP,0,0,0,1,200,150,50,0.1,10,0,551,1682.0,0.4900181488203267
901,35,1.7574886370182758,90,26,PPP,0,0,0,1,350,200,200,0.1,10,0,606,2617.0,0.5247524752475248
902,93,2.9714192715306007,46,7,PPP,0,0,0,1,200,450,100,0.1,10,0,242,2464.0,0.32644628099173556
903,66,1.4611280186705085,58,28,PPP,0,0,0,1,400,250,150,0.1,10,0,690,-2422.0,0.5159420289855072
904,12,0.6049881934205643,73,33,PPP,0,0,0,1,250,500,100,0.1,10,0,1078,4547.0,0.5426716141001855
905,98,3.341128948573434,72,23,PPP,0,0,0,1,300,400,50,0.1,10,0,240,2205.0,0.43333333333333335
906,46,2.696501700457613,41,22,PPP,0,0,0,1,250,350,150,0.1,10,0,336,1357.0,0.43154761904761907
907,69,1.0591220583356464,57,50,PPP,0,0,0,1,100,300,250,0.1,10,0,651,2496.0,0.37327188940092165
908,74,1.213033165786424,39,39,PPP,0,0,0,1,100,50,150,0.1,10,0,691,11774.0,0.4645441389290883
909,67,1.7084436268274221,87,44,PPP,0,0,0,1,500,100,50,0.1,10,0,506,-334.0,0.5197628458498024
910,16,2.8957382695562117,85,7,PPP,0,0,0,1,500,500,200,0.1,10,0,244,711.0,0.36475409836065575
911,83,1.6771255618891663,66,15,PPP,0,0,0,1,200,300,200,0.1,10,0,669,12753.0,0.4813153961136024
912,61,1.217559345038775,19,14,PPP,0,0,0,1,400,200,50,0.1,10,0,948,7541.0,0.5253164556962026
913,52,1.5230231872278817,91,30,PPP,0,0,0,1,500,100,100,0.1,10,0,650,6734.0,0.5153846153846153
914,72,3.485786677070186,30,45,PPP,0,0,0,1,500,400,100,0.1,10,0,234,-5528.0,0.49572649572649574
915,21,0.7687221188298068,57,25,PPP,0,0,0,1,250,50,50,0.1,10,0,1126,122.0,0.5071047957371225
916,91,1.964948710752209,98,6,PPP,0,0,0,1,200,250,50,0.1,10,0,441,1061.0,0.3945578231292517
917,76,1.7673766115762843,41,28,PPP,0,0,0,1,450,450,100,0.1,10,0,585,2107.0,0.5145299145299145
918,26,3.024796741698127,33,5,PPP,0,0,0,1,150,400,200,0.1,10,0,240,6913.0,0.32083333333333336
919,84,0.6521706650908278,53,16,PPP,0,0,0,1,300,50,100,0.1,10,0,1518,-3642.0,0.5032938076416338
920,58,1.6134872071205897,69,16,PPP,0,0,0,1,500,150,150,0.1,10,0,687,5723.0,0.5138282387190685
921,63,1.7020142210159643,100,39,PPP,0,0,0,1,150,350,50,0.1,10,0,541,-370.0,0.4066543438077634
922,25,0.5738040825000319,29,48,PPP,0,0,0,1,500,500,100,0.1,10,0,866,4237.0,0.569284064665127
923,48,2.5169638009680106,50,38,PPP,0,0,0,1,350,50,50,0.1,10,0,353,4888.0,0.49575070821529743
924,14,2.5151189262639178,93,45,PPP,0,0,0,1,50,450,250,0.1,10,0,367,926.0,0.21798365122615804
925,33,2.734372178473677,75,14,PPP,0,0,0,1,100,500,200,0.1,10,0,306,1508.0,0.23202614379084968
926,48,3.324555410709042,19,49,PPP,0,0,0,1,350,50,200,0.1,10,0,248,173.0,0.4798387096774194
927,92,1.982406973837434,69,36,PPP,0,0,0,1,400,100,100,0.1,10,0,465,7243.0,0.5333333333333333
928,62,0.6563273366603541,85,18,PPP,0,0,0,1,150,450,50,0.1,10,0,1452,-8479.0,0.46487603305785125
929,93,2.861368772962542,90,45,PPP,0,0,0,1,350,200,50,0.1,10,0,286,-1229.0,0.4755244755244755
930,49,0.957769465121346,21,16,PPP,0,0,0,1,100,300,50,0.1,10,0,1160,4378.0,0.41379310344827586
931,26,3.4041624780591277,79,25,PPP,0,0,0,1,450,200,150,0.1,10,0,230,7283.0,0.48695652173913045
932,100,1.92779119434823,69,20,PPP,0,0,0,1,500,350,100,0.1,10,0,545,-142.0,0.4954128440366973
933,84,2.51533366244482,98,18,PPP,0,0,0,1,450,50,50,0.1,10,0,372,8644.0,0.5403225806451613
934,82,2.7175610504298886,49,11,PPP,0,0,0,1,400,350,250,0.1,10,0,296,5229.0,0.43243243243243246
935,15,2.5739965229428927,23,37,PPP,0,0,0,1,250,150,200,0.1,10,0,360,-3223.0,0.4777777777777778
936,94,1.0797976124103803,81,26,PPP,0,0,0,1,200,50,200,0.1,10,0,886,3856.0,0.49887133182844245
937,61,2.634977081106168,37,39,PPP,0,0,0,1,250,100,150,0.1,10,0,336,-2055.0,0.45535714285714285
938,38,1.30433045803756,45,44,PPP,0,0,0,1,200,300,250,0.1,10,0,629,9773.0,0.5023847376788553
939,55,1.601988705252937,29,31,PPP,0,0,0,1,50,500,150,0.1,10,0,619,4524.0,0.2633279483037157
940,44,1.6310278395369004,17,10,PPP,0,0,0,1,200,300,50,0.1,10,0,645,-310.0,0.4186046511627907
941,64,1.2967690807388004,22,24,PPP,0,0,0,1,450,300,100,0.1,10,0,800,5184.0,0.5375
942,96,1.281499245685454,54,8,PPP,0,0,0,1,350,400,50,0.1,10,0,887,777.0,0.4633596392333709
943,47,0.6006406244502254,24,27,PPP,0,0,0,1,300,500,50,0.1,10,0,1170,4088.0,0.5444444444444444
944,36,3.013265509385164,64,39,PPP,0,0,0,1,450,300,100,0.1,10,0,286,2508.0,0.5209790209790209
945,10,2.6053360219112287,45,32,PPP,0,0,0,1,300,500,150,0.1,10,0,366,4024.0,0.4918032786885246
946,40,3.0346292323825894,14,37,PPP,0,0,0,1,350,300,250,0.1,10,0,292,1603.0,0.4657534246575342
947,35,3.1754353620645634,87,20,PPP,0,0,0,1,150,250,250,0.1,10,0,246,2654.0,0.3821138211382114
948,51,1.689599236788926,33,19,PPP,0,0,0,1,400,200,200,0.1,10,0,643,7370.0,0.5349922239502333
949,25,3.4561447498522715,51,20,PPP,0,0,0,1,300,450,150,0.1,10,0,214,1394.0,0.4158878504672897
950,35,2.7569479264328156,39,20,PPP,0,0,0,1,250,500,150,0.1,10,0,324,2074.0,0.4382716049382716
951,80,2.8988427519377638,63,30,PPP,0,0,0,1,200,350,200,0.1,10,0,304,2435.0,0.40460526315789475
952,24,2.9323967688668855,38,10,PPP,0,0,0,1,300,100,250,0.1,10,0,250,1837.0,0.436
953,80,0.8428482723581953,45,24,PPP,0,0,0,1,400,50,50,0.1,10,0,1066,-6382.0,0.5046904315196998
954,68,1.739147326076687,70,10,PPP,0,0,0,1,250,200,200,0.1,10,0,609,2861.0,0.4548440065681445
955,46,2.2648766464708174,97,25,PPP,0,0,0,1,150,300,250,0.1,10,0,445,-4042.0,0.3550561797752809
956,67,0.8293775405867242,67,45,PPP,0,0,0,1,350,300,100,0.1,10,0,776,2142.0,0.5399484536082474
957,86,3.024967183405679,17,13,PPP,0,0,0,1,200,200,50,0.1,10,0,258,3671.0,0.3953488372093023
958,83,1.3239279182273698,63,32,PPP,0,0,0,1,500,450,100,0.1,10,0,694,4489.0,0.5288184438040345
959,66,0.9692587730884813,13,25,PPP,0,0,0,1,300,400,50,0.1,10,0,960,6242.0,0.53125
960,54,2.3584686605799705,92,13,PPP,0,0,0,1,100,400,150,0.1,10,0,392,-436.0,0.29336734693877553
961,92,2.0051919936090172,92,31,PPP,0,0,0,1,500,150,50,0.1,10,0,483,5865.0,0.5300207039337475
962,45,1.951758592168064,18,10,PPP,0,0,0,1,250,500,150,0.1,10,0,501,-245.0,0.41916167664670656
963,94,2.9785514613520925,78,15,PPP,0,0,0,1,200,100,50,0.1,10,0,266,1973.0,0.4398496240601504
964,71,0.7971462715859208,60,31,PPP,0,0,0,1,150,300,150,0.1,10,0,966,10901.0,0.4824016563146998
965,49,0.6976393771003663,96,31,PPP,0,0,0,1,250,350,50,0.1,10,0,1036,6587.0,0.5357142857142857
966,49,3.1725136110217274,46,6,PPP,0,0,0,1,100,50,250,0.1,10,0,220,-1797.0,0.3409090909090909
967,98,2.171242949647386,81,28,PPP,0,0,0,1,350,150,150,0.1,10,0,459,3616.0,0.5185185185185185
968,36,2.9404585487868706,12,39,PPP,0,0,0,1,50,400,100,0.1,10,0,292,1328.0,0.2054794520547945
969,14,2.2201334146294824,54,15,PPP,0,0,0,1,150,300,200,0.1,10,0,431,-7462.0,0.34106728538283065
970,23,1.7347564226236805,48,16,PPP,0,0,0,1,50,150,50,0.1,10,0,647,-677.0,0.22720247295208656
971,12,1.4840437976200502,70,14,PPP,0,0,0,1,150,300,100,0.1,10,0,809,4132.0,0.4215080346106304
972,30,0.943808668690242,95,14,PPP,0,0,0,1,50,200,250,0.1,10,0,1248,1356.0,0.29086538461538464
973,26,1.403095556042024,30,49,PPP,0,0,0,1,200,250,200,0.1,10,0,585,2819.0,0.48547008547008547
974,35,1.7426602569089895,83,45,PPP,0,0,0,1,350,100,150,0.1,10,0,521,-7295.0,0.4817658349328215
975,46,0.5127497702144603,89,19,PPP,0,0,0,1,50,400,100,0.1,10,0,1594,716.0,0.3312421580928482
976,65,1.6718004881095743,36,44,PPP,0,0,0,1,50,400,100,0.1,10,0,526,4269.0,0.279467680608365
977,84,0.6045101796287834,68,33,PPP,0,0,0,1,50,500,150,0.1,10,0,1054,8590.0,0.3387096774193548
978,52,1.3224362729644357,65,10,PPP,0,0,0,1,150,150,250,0.1,10,0,894,5981.0,0.4563758389261745
979,44,1.9580708859766431,60,15,PPP,0,0,0,1,50,150,250,0.1,10,0,545,1711.0,0.25321100917431194
980,100,3.4004863636930867,20,15,PPP,0,0,0,1,150,300,200,0.1,10,0,218,-2247.0,0.29357798165137616
981,52,2.2864962491502614,99,49,PPP,0,0,0,1,400,400,50,0.1,10,0,367,461.0,0.5204359673024523
982,26,1.2960107425938205,18,12,PPP,0,0,0,1,150,400,150,0.1,10,0,931,3232.0,0.4371643394199785
983,36,3.018728072291929,82,41,PPP,0,0,0,1,50,500,50,0.1,10,0,288,-1996.0,0.18055555555555555
984,12,2.564221036046634,90,6,PPP,0,0,0,1,250,50,100,0.1,10,0,285,6479.0,0.4982456140350877
985,14,2.3315716198030327,96,45,PPP,0,0,0,1,100,250,200,0.1,10,0,396,4382.0,0.36363636363636365
986,74,2.765324221437092,59,6,PPP,0,0,0,1,300,250,100,0.1,10,0,272,6791.0,0.4264705882352941
987,66,3.1417992316667678,93,24,PPP,0,0,0,1,500,300,100,0.1,10,0,266,517.0,0.48120300751879697
988,17,2.128052823573267,59,13,PPP,0,0,0,1,150,450,150,0.1,10,0,441,-415.0,0.36507936507936506
989,32,1.122452098141638,100,12,PPP,0,0,0,1,400,150,50,0.1,10,0,1097,1071.0,0.4995442114858706
990,34,1.3353993787784622,48,36,PPP,0,0,0,1,300,350,50,0.1,10,0,688,3002.0,0.5261627906976745
991,29,1.4533928926476078,24,5,PPP,0,0,0,1,50,200,100,0.1,10,0,651,3565.0,0.19815668202764977
992,86,1.9408325250862823,39,44,PPP,0,0,0,1,100,350,150,0.1,10,0,449,-3086.0,0.32516703786191536
993,32,1.3194526700389053,27,19,PPP,0,0,0,1,50,400,50,0.1,10,0,858,363.0,0.24592074592074592
994,57,1.4022841773882477,52,43,PPP,0,0,0,1,350,500,250,0.1,10,0,601,-1079.0,0.5307820299500832
995,82,2.5498455130718978,71,47,PPP,0,0,0,1,200,50,250,0.1,10,0,330,-4128.0,0.4212121212121212
996,66,2.2167825340643788,84,24,PPP,0,0,0,1,100,350,150,0.1,10,0,443,907.0,0.32054176072234764
997,55,0.512345246503362,87,28,PPP,0,0,0,1,200,450,50,0.1,10,0,1214,10126.0,0.5304777594728172
998,94,1.9126338670267398,50,24,PPP,0,0,0,1,200,50,250,0.1,10,0,549,4193.0,0.4936247723132969
999,67,3.0133115196780347,51,28,PPP,0,0,0,1,450,100,100,0.1,10,0,288,3110.0,0.4861111111111111
