time,bid,ask,last,volume,time_msc,flags,volume_real,jst
2025-01-24 18:42:00.397000+00:00,21774.9,21776.7,0.0,0,1737751320397,1030,0.0,2025-01-25 03:42:00.397000+09:00
2025-01-24 18:42:00.598000+00:00,21774.7,21776.5,0.0,0,1737751320598,1030,0.0,2025-01-25 03:42:00.598000+09:00
2025-01-24 18:42:00.698000+00:00,21774.8,21776.6,0.0,0,1737751320698,1030,0.0,2025-01-25 03:42:00.698000+09:00
2025-01-24 18:42:00.799000+00:00,21774.7,21776.5,0.0,0,1737751320799,1030,0.0,2025-01-25 03:42:00.799000+09:00
2025-01-24 18:42:01.300000+00:00,21775.2,21777.0,0.0,0,1737751321300,1030,0.0,2025-01-25 03:42:01.300000+09:00
2025-01-24 18:42:01.599000+00:00,21775.9,21777.7,0.0,0,1737751321599,1030,0.0,2025-01-25 03:42:01.599000+09:00
2025-01-24 18:42:02+00:00,21775.7,21777.5,0.0,0,1737751322000,1030,0.0,2025-01-25 03:42:02+09:00
2025-01-24 18:42:02.100000+00:00,21775.9,21777.7,0.0,0,1737751322100,1030,0.0,2025-01-25 03:42:02.100000+09:00
2025-01-24 18:42:02.200000+00:00,21776.0,21777.8,0.0,0,1737751322200,1030,0.0,2025-01-25 03:42:02.200000+09:00
2025-01-24 18:42:02.301000+00:00,21775.9,21777.7,0.0,0,1737751322301,1030,0.0,2025-01-25 03:42:02.301000+09:00
2025-01-24 18:42:02.602000+00:00,21775.8,21777.6,0.0,0,1737751322602,1030,0.0,2025-01-25 03:42:02.602000+09:00
2025-01-24 18:42:02.702000+00:00,21775.7,21777.5,0.0,0,1737751322702,1030,0.0,2025-01-25 03:42:02.702000+09:00
2025-01-24 18:42:03.400000+00:00,21776.7,21778.5,0.0,0,1737751323400,1030,0.0,2025-01-25 03:42:03.400000+09:00
2025-01-24 18:42:03.801000+00:00,21776.4,21778.2,0.0,0,1737751323801,1030,0.0,2025-01-25 03:42:03.801000+09:00
2025-01-24 18:42:03.904000+00:00,21776.7,21778.5,0.0,0,1737751323904,1030,0.0,2025-01-25 03:42:03.904000+09:00
2025-01-24 18:42:04.002000+00:00,21776.9,21778.7,0.0,0,1737751324002,1030,0.0,2025-01-25 03:42:04.002000+09:00
2025-01-24 18:42:04.103000+00:00,21776.8,21778.6,0.0,0,1737751324103,1030,0.0,2025-01-25 03:42:04.103000+09:00
2025-01-24 18:42:04.202000+00:00,21776.5,21778.3,0.0,0,1737751324202,1030,0.0,2025-01-25 03:42:04.202000+09:00
2025-01-24 18:42:04.301000+00:00,21776.8,21778.6,0.0,0,1737751324301,1030,0.0,2025-01-25 03:42:04.301000+09:00
2025-01-24 18:42:04.601000+00:00,21777.2,21779.0,0.0,0,1737751324601,1030,0.0,2025-01-25 03:42:04.601000+09:00
2025-01-24 18:42:05.002000+00:00,21777.4,21779.2,0.0,0,1737751325002,1030,0.0,2025-01-25 03:42:05.002000+09:00
2025-01-24 18:42:05.104000+00:00,21777.3,21779.1,0.0,0,1737751325104,1030,0.0,2025-01-25 03:42:05.104000+09:00
2025-01-24 18:42:05.203000+00:00,21777.4,21779.2,0.0,0,1737751325203,1030,0.0,2025-01-25 03:42:05.203000+09:00
2025-01-24 18:42:05.403000+00:00,21777.9,21779.7,0.0,0,1737751325403,1030,0.0,2025-01-25 03:42:05.403000+09:00
2025-01-24 18:42:05.504000+00:00,21777.7,21779.5,0.0,0,1737751325504,1030,0.0,2025-01-25 03:42:05.504000+09:00
2025-01-24 18:42:05.704000+00:00,21777.4,21779.2,0.0,0,1737751325704,1030,0.0,2025-01-25 03:42:05.704000+09:00
2025-01-24 18:42:05.804000+00:00,21777.7,21779.5,0.0,0,1737751325804,1030,0.0,2025-01-25 03:42:05.804000+09:00
2025-01-24 18:42:05.905000+00:00,21777.9,21779.7,0.0,0,1737751325905,1030,0.0,2025-01-25 03:42:05.905000+09:00
2025-01-24 18:42:06.006000+00:00,21777.4,21779.2,0.0,0,1737751326006,1030,0.0,2025-01-25 03:42:06.006000+09:00
2025-01-24 18:42:06.106000+00:00,21777.7,21779.5,0.0,0,1737751326106,1030,0.0,2025-01-25 03:42:06.106000+09:00
2025-01-24 18:42:06.808000+00:00,21777.9,21779.7,0.0,0,1737751326808,1030,0.0,2025-01-25 03:42:06.808000+09:00
2025-01-24 18:42:06.908000+00:00,21777.7,21779.5,0.0,0,1737751326908,1030,0.0,2025-01-25 03:42:06.908000+09:00
2025-01-24 18:42:07.008000+00:00,21777.9,21779.7,0.0,0,1737751327008,1030,0.0,2025-01-25 03:42:07.008000+09:00
2025-01-24 18:42:07.307000+00:00,21777.7,21779.5,0.0,0,1737751327307,1030,0.0,2025-01-25 03:42:07.307000+09:00
2025-01-24 18:42:07.507000+00:00,21777.4,21779.2,0.0,0,1737751327507,1030,0.0,2025-01-25 03:42:07.507000+09:00
2025-01-24 18:42:07.607000+00:00,21776.9,21778.7,0.0,0,1737751327607,1030,0.0,2025-01-25 03:42:07.607000+09:00
2025-01-24 18:42:07.807000+00:00,21776.8,21778.6,0.0,0,1737751327807,1030,0.0,2025-01-25 03:42:07.807000+09:00
2025-01-24 18:42:07.907000+00:00,21776.4,21778.2,0.0,0,1737751327907,1030,0.0,2025-01-25 03:42:07.907000+09:00
2025-01-24 18:42:08.007000+00:00,21776.7,21778.5,0.0,0,1737751328007,1030,0.0,2025-01-25 03:42:08.007000+09:00
2025-01-24 18:42:09.408000+00:00,21776.9,21778.7,0.0,0,1737751329408,1030,0.0,2025-01-25 03:42:09.408000+09:00
2025-01-24 18:42:09.510000+00:00,21777.2,21779.0,0.0,0,1737751329510,1030,0.0,2025-01-25 03:42:09.510000+09:00
2025-01-24 18:42:09.609000+00:00,21776.9,21778.7,0.0,0,1737751329609,1030,0.0,2025-01-25 03:42:09.609000+09:00
2025-01-24 18:42:10.409000+00:00,21776.5,21778.3,0.0,0,1737751330409,1030,0.0,2025-01-25 03:42:10.409000+09:00
2025-01-24 18:42:10.610000+00:00,21776.2,21778.0,0.0,0,1737751330610,1030,0.0,2025-01-25 03:42:10.610000+09:00
2025-01-24 18:42:11.110000+00:00,21775.9,21777.7,0.0,0,1737751331110,1030,0.0,2025-01-25 03:42:11.110000+09:00
2025-01-24 18:42:11.510000+00:00,21776.2,21778.0,0.0,0,1737751331510,1030,0.0,2025-01-25 03:42:11.510000+09:00
2025-01-24 18:42:11.611000+00:00,21775.9,21777.7,0.0,0,1737751331611,1030,0.0,2025-01-25 03:42:11.611000+09:00
2025-01-24 18:42:12.210000+00:00,21775.7,21777.5,0.0,0,1737751332210,1030,0.0,2025-01-25 03:42:12.210000+09:00
2025-01-24 18:42:13.312000+00:00,21775.8,21777.6,0.0,0,1737751333312,1030,0.0,2025-01-25 03:42:13.312000+09:00
2025-01-24 18:42:13.412000+00:00,21775.3,21777.1,0.0,0,1737751333412,1030,0.0,2025-01-25 03:42:13.412000+09:00
2025-01-24 18:42:13.613000+00:00,21775.4,21777.2,0.0,0,1737751333613,1030,0.0,2025-01-25 03:42:13.613000+09:00
2025-01-24 18:42:13.713000+00:00,21775.3,21777.1,0.0,0,1737751333713,1030,0.0,2025-01-25 03:42:13.713000+09:00
2025-01-24 18:42:13.913000+00:00,21775.4,21777.2,0.0,0,1737751333913,1030,0.0,2025-01-25 03:42:13.913000+09:00
2025-01-24 18:42:15.414000+00:00,21775.7,21777.5,0.0,0,1737751335414,1030,0.0,2025-01-25 03:42:15.414000+09:00
2025-01-24 18:42:15.614000+00:00,21775.8,21777.6,0.0,0,1737751335614,1030,0.0,2025-01-25 03:42:15.614000+09:00
2025-01-24 18:42:15.714000+00:00,21775.3,21777.1,0.0,0,1737751335714,1030,0.0,2025-01-25 03:42:15.714000+09:00
2025-01-24 18:42:15.816000+00:00,21775.4,21777.2,0.0,0,1737751335816,1030,0.0,2025-01-25 03:42:15.816000+09:00
2025-01-24 18:42:16.116000+00:00,21775.7,21777.5,0.0,0,1737751336116,1030,0.0,2025-01-25 03:42:16.116000+09:00
2025-01-24 18:42:16.316000+00:00,21775.8,21777.6,0.0,0,1737751336316,1030,0.0,2025-01-25 03:42:16.316000+09:00
2025-01-24 18:42:16.416000+00:00,21775.7,21777.5,0.0,0,1737751336416,1030,0.0,2025-01-25 03:42:16.416000+09:00
2025-01-24 18:42:16.617000+00:00,21775.9,21777.7,0.0,0,1737751336617,1030,0.0,2025-01-25 03:42:16.617000+09:00
2025-01-24 18:42:16.714000+00:00,21775.8,21777.6,0.0,0,1737751336714,1030,0.0,2025-01-25 03:42:16.714000+09:00
2025-01-24 18:42:16.916000+00:00,21775.7,21777.5,0.0,0,1737751336916,1030,0.0,2025-01-25 03:42:16.916000+09:00
2025-01-24 18:42:17.018000+00:00,21775.9,21777.7,0.0,0,1737751337018,1030,0.0,2025-01-25 03:42:17.018000+09:00
2025-01-24 18:42:17.117000+00:00,21775.7,21777.5,0.0,0,1737751337117,1030,0.0,2025-01-25 03:42:17.117000+09:00
2025-01-24 18:42:17.318000+00:00,21775.8,21777.6,0.0,0,1737751337318,1030,0.0,2025-01-25 03:42:17.318000+09:00
2025-01-24 18:42:17.418000+00:00,21775.9,21777.7,0.0,0,1737751337418,1030,0.0,2025-01-25 03:42:17.418000+09:00
2025-01-24 18:42:17.619000+00:00,21776.0,21777.8,0.0,0,1737751337619,1030,0.0,2025-01-25 03:42:17.619000+09:00
2025-01-24 18:42:17.718000+00:00,21776.2,21778.0,0.0,0,1737751337718,1030,0.0,2025-01-25 03:42:17.718000+09:00
2025-01-24 18:42:17.919000+00:00,21775.8,21777.6,0.0,0,1737751337919,1030,0.0,2025-01-25 03:42:17.919000+09:00
2025-01-24 18:42:18.019000+00:00,21775.9,21777.7,0.0,0,1737751338019,1030,0.0,2025-01-25 03:42:18.019000+09:00
2025-01-24 18:42:18.219000+00:00,21775.7,21777.5,0.0,0,1737751338219,1030,0.0,2025-01-25 03:42:18.219000+09:00
2025-01-24 18:42:18.319000+00:00,21775.2,21777.0,0.0,0,1737751338319,1030,0.0,2025-01-25 03:42:18.319000+09:00
2025-01-24 18:42:18.619000+00:00,21774.8,21776.6,0.0,0,1737751338619,1030,0.0,2025-01-25 03:42:18.619000+09:00
2025-01-24 18:42:18.718000+00:00,21774.9,21776.7,0.0,0,1737751338718,1030,0.0,2025-01-25 03:42:18.718000+09:00
2025-01-24 18:42:18.919000+00:00,21775.2,21777.0,0.0,0,1737751338919,1030,0.0,2025-01-25 03:42:18.919000+09:00
2025-01-24 18:42:19.019000+00:00,21774.9,21776.7,0.0,0,1737751339019,1030,0.0,2025-01-25 03:42:19.019000+09:00
2025-01-24 18:42:19.718000+00:00,21774.7,21776.5,0.0,0,1737751339718,1030,0.0,2025-01-25 03:42:19.718000+09:00
2025-01-24 18:42:19.819000+00:00,21774.9,21776.7,0.0,0,1737751339819,1030,0.0,2025-01-25 03:42:19.819000+09:00
2025-01-24 18:42:19.918000+00:00,21774.8,21776.6,0.0,0,1737751339918,1030,0.0,2025-01-25 03:42:19.918000+09:00
2025-01-24 18:42:20.018000+00:00,21774.9,21776.7,0.0,0,1737751340018,1030,0.0,2025-01-25 03:42:20.018000+09:00
2025-01-24 18:42:20.117000+00:00,21774.8,21776.6,0.0,0,1737751340117,1030,0.0,2025-01-25 03:42:20.117000+09:00
2025-01-24 18:42:20.217000+00:00,21774.7,21776.5,0.0,0,1737751340217,1030,0.0,2025-01-25 03:42:20.217000+09:00
2025-01-24 18:42:20.517000+00:00,21774.8,21776.6,0.0,0,1737751340517,1030,0.0,2025-01-25 03:42:20.517000+09:00
2025-01-24 18:42:20.718000+00:00,21774.9,21776.7,0.0,0,1737751340718,1030,0.0,2025-01-25 03:42:20.718000+09:00
2025-01-24 18:42:20.918000+00:00,21774.7,21776.5,0.0,0,1737751340918,1030,0.0,2025-01-25 03:42:20.918000+09:00
2025-01-24 18:42:21.118000+00:00,21774.9,21776.7,0.0,0,1737751341118,1030,0.0,2025-01-25 03:42:21.118000+09:00
2025-01-24 18:42:21.319000+00:00,21774.8,21776.6,0.0,0,1737751341319,1030,0.0,2025-01-25 03:42:21.319000+09:00
2025-01-24 18:42:21.419000+00:00,21774.7,21776.5,0.0,0,1737751341419,1030,0.0,2025-01-25 03:42:21.419000+09:00
2025-01-24 18:42:21.718000+00:00,21774.5,21776.3,0.0,0,1737751341718,1030,0.0,2025-01-25 03:42:21.718000+09:00
2025-01-24 18:42:21.818000+00:00,21774.4,21776.2,0.0,0,1737751341818,1030,0.0,2025-01-25 03:42:21.818000+09:00
2025-01-24 18:42:21.918000+00:00,21774.0,21775.8,0.0,0,1737751341918,1030,0.0,2025-01-25 03:42:21.918000+09:00
2025-01-24 18:42:22.119000+00:00,21773.3,21775.1,0.0,0,1737751342119,1030,0.0,2025-01-25 03:42:22.119000+09:00
2025-01-24 18:42:22.321000+00:00,21773.2,21775.0,0.0,0,1737751342321,1030,0.0,2025-01-25 03:42:22.321000+09:00
2025-01-24 18:42:22.619000+00:00,21773.4,21775.2,0.0,0,1737751342619,1030,0.0,2025-01-25 03:42:22.619000+09:00
2025-01-24 18:42:23.523000+00:00,21773.2,21775.0,0.0,0,1737751343523,1030,0.0,2025-01-25 03:42:23.523000+09:00
2025-01-24 18:42:23.622000+00:00,21773.4,21775.2,0.0,0,1737751343622,1030,0.0,2025-01-25 03:42:23.622000+09:00
2025-01-24 18:42:23.922000+00:00,21773.5,21775.3,0.0,0,1737751343922,1030,0.0,2025-01-25 03:42:23.922000+09:00
2025-01-24 18:42:24.123000+00:00,21773.7,21775.5,0.0,0,1737751344123,1030,0.0,2025-01-25 03:42:24.123000+09:00
2025-01-24 18:42:24.221000+00:00,21773.4,21775.2,0.0,0,1737751344221,1030,0.0,2025-01-25 03:42:24.221000+09:00
2025-01-24 18:42:24.723000+00:00,21773.2,21775.0,0.0,0,1737751344723,1030,0.0,2025-01-25 03:42:24.723000+09:00
2025-01-24 18:42:25.022000+00:00,21771.4,21773.2,0.0,0,1737751345022,1030,0.0,2025-01-25 03:42:25.022000+09:00
2025-01-24 18:42:25.122000+00:00,21772.2,21774.0,0.0,0,1737751345122,1030,0.0,2025-01-25 03:42:25.122000+09:00
2025-01-24 18:42:25.222000+00:00,21772.4,21774.2,0.0,0,1737751345222,1030,0.0,2025-01-25 03:42:25.222000+09:00
2025-01-24 18:42:25.322000+00:00,21771.9,21773.7,0.0,0,1737751345322,1030,0.0,2025-01-25 03:42:25.322000+09:00
2025-01-24 18:42:25.421000+00:00,21772.4,21774.2,0.0,0,1737751345421,1030,0.0,2025-01-25 03:42:25.421000+09:00
2025-01-24 18:42:25.621000+00:00,21772.2,21774.0,0.0,0,1737751345621,1030,0.0,2025-01-25 03:42:25.621000+09:00
2025-01-24 18:42:25.821000+00:00,21772.4,21774.2,0.0,0,1737751345821,1030,0.0,2025-01-25 03:42:25.821000+09:00
2025-01-24 18:42:25.921000+00:00,21772.5,21774.3,0.0,0,1737751345921,1030,0.0,2025-01-25 03:42:25.921000+09:00
2025-01-24 18:42:26.021000+00:00,21772.4,21774.2,0.0,0,1737751346021,1030,0.0,2025-01-25 03:42:26.021000+09:00
2025-01-24 18:42:26.322000+00:00,21772.3,21774.1,0.0,0,1737751346322,1030,0.0,2025-01-25 03:42:26.322000+09:00
2025-01-24 18:42:26.421000+00:00,21772.2,21774.0,0.0,0,1737751346421,1030,0.0,2025-01-25 03:42:26.421000+09:00
2025-01-24 18:42:26.721000+00:00,21772.4,21774.2,0.0,0,1737751346721,1030,0.0,2025-01-25 03:42:26.721000+09:00
2025-01-24 18:42:26.822000+00:00,21772.3,21774.1,0.0,0,1737751346822,1030,0.0,2025-01-25 03:42:26.822000+09:00
2025-01-24 18:42:26.923000+00:00,21772.2,21774.0,0.0,0,1737751346923,1030,0.0,2025-01-25 03:42:26.923000+09:00
2025-01-24 18:42:27.223000+00:00,21772.4,21774.2,0.0,0,1737751347223,1030,0.0,2025-01-25 03:42:27.223000+09:00
2025-01-24 18:42:27.324000+00:00,21772.7,21774.5,0.0,0,1737751347324,1030,0.0,2025-01-25 03:42:27.324000+09:00
2025-01-24 18:42:27.623000+00:00,21772.5,21774.3,0.0,0,1737751347623,1030,0.0,2025-01-25 03:42:27.623000+09:00
2025-01-24 18:42:27.723000+00:00,21772.4,21774.2,0.0,0,1737751347723,1030,0.0,2025-01-25 03:42:27.723000+09:00
2025-01-24 18:42:27.823000+00:00,21772.2,21774.0,0.0,0,1737751347823,1030,0.0,2025-01-25 03:42:27.823000+09:00
2025-01-24 18:42:28.125000+00:00,21771.5,21773.3,0.0,0,1737751348125,1030,0.0,2025-01-25 03:42:28.125000+09:00
2025-01-24 18:42:28.326000+00:00,21771.9,21773.7,0.0,0,1737751348326,1030,0.0,2025-01-25 03:42:28.326000+09:00
2025-01-24 18:42:28.424000+00:00,21772.2,21774.0,0.0,0,1737751348424,1030,0.0,2025-01-25 03:42:28.424000+09:00
2025-01-24 18:42:28.525000+00:00,21771.9,21773.7,0.0,0,1737751348525,1030,0.0,2025-01-25 03:42:28.525000+09:00
2025-01-24 18:42:28.824000+00:00,21772.2,21774.0,0.0,0,1737751348824,1030,0.0,2025-01-25 03:42:28.824000+09:00
2025-01-24 18:42:28.925000+00:00,21771.9,21773.7,0.0,0,1737751348925,1030,0.0,2025-01-25 03:42:28.925000+09:00
2025-01-24 18:42:29.124000+00:00,21772.0,21773.8,0.0,0,1737751349124,1030,0.0,2025-01-25 03:42:29.124000+09:00
2025-01-24 18:42:29.224000+00:00,21772.3,21774.1,0.0,0,1737751349224,1030,0.0,2025-01-25 03:42:29.224000+09:00
2025-01-24 18:42:29.325000+00:00,21772.4,21774.2,0.0,0,1737751349325,1030,0.0,2025-01-25 03:42:29.325000+09:00
2025-01-24 18:42:29.524000+00:00,21772.3,21774.1,0.0,0,1737751349524,1030,0.0,2025-01-25 03:42:29.524000+09:00
2025-01-24 18:42:29.624000+00:00,21772.2,21774.0,0.0,0,1737751349624,1030,0.0,2025-01-25 03:42:29.624000+09:00
2025-01-24 18:42:29.824000+00:00,21771.7,21773.5,0.0,0,1737751349824,1030,0.0,2025-01-25 03:42:29.824000+09:00
2025-01-24 18:42:29.925000+00:00,21771.5,21773.3,0.0,0,1737751349925,1030,0.0,2025-01-25 03:42:29.925000+09:00
2025-01-24 18:42:30.024000+00:00,21771.7,21773.5,0.0,0,1737751350024,1030,0.0,2025-01-25 03:42:30.024000+09:00
2025-01-24 18:42:30.124000+00:00,21771.4,21773.2,0.0,0,1737751350124,1030,0.0,2025-01-25 03:42:30.124000+09:00
2025-01-24 18:42:30.327000+00:00,21771.7,21773.5,0.0,0,1737751350327,1030,0.0,2025-01-25 03:42:30.327000+09:00
2025-01-24 18:42:30.426000+00:00,21771.9,21773.7,0.0,0,1737751350426,1030,0.0,2025-01-25 03:42:30.426000+09:00
2025-01-24 18:42:30.526000+00:00,21772.2,21774.0,0.0,0,1737751350526,1030,0.0,2025-01-25 03:42:30.526000+09:00
2025-01-24 18:42:30.627000+00:00,21772.0,21773.8,0.0,0,1737751350627,1030,0.0,2025-01-25 03:42:30.627000+09:00
2025-01-24 18:42:30.727000+00:00,21772.4,21774.2,0.0,0,1737751350727,1030,0.0,2025-01-25 03:42:30.727000+09:00
2025-01-24 18:42:30.827000+00:00,21772.3,21774.1,0.0,0,1737751350827,1030,0.0,2025-01-25 03:42:30.827000+09:00
2025-01-24 18:42:30.927000+00:00,21772.4,21774.2,0.0,0,1737751350927,1030,0.0,2025-01-25 03:42:30.927000+09:00
2025-01-24 18:42:31.026000+00:00,21772.3,21774.1,0.0,0,1737751351026,1030,0.0,2025-01-25 03:42:31.026000+09:00
2025-01-24 18:42:31.227000+00:00,21772.4,21774.2,0.0,0,1737751351227,1030,0.0,2025-01-25 03:42:31.227000+09:00
2025-01-24 18:42:31.327000+00:00,21772.5,21774.3,0.0,0,1737751351327,1030,0.0,2025-01-25 03:42:31.327000+09:00
2025-01-24 18:42:31.427000+00:00,21772.4,21774.2,0.0,0,1737751351427,1030,0.0,2025-01-25 03:42:31.427000+09:00
2025-01-24 18:42:31.727000+00:00,21772.5,21774.3,0.0,0,1737751351727,1030,0.0,2025-01-25 03:42:31.727000+09:00
2025-01-24 18:42:31.827000+00:00,21772.4,21774.2,0.0,0,1737751351827,1030,0.0,2025-01-25 03:42:31.827000+09:00
2025-01-24 18:42:32.127000+00:00,21772.7,21774.5,0.0,0,1737751352127,1030,0.0,2025-01-25 03:42:32.127000+09:00
2025-01-24 18:42:32.227000+00:00,21772.4,21774.2,0.0,0,1737751352227,1030,0.0,2025-01-25 03:42:32.227000+09:00
2025-01-24 18:42:34.028000+00:00,21771.9,21773.7,0.0,0,1737751354028,1030,0.0,2025-01-25 03:42:34.028000+09:00
2025-01-24 18:42:34.228000+00:00,21772.2,21774.0,0.0,0,1737751354228,1030,0.0,2025-01-25 03:42:34.228000+09:00
2025-01-24 18:42:34.429000+00:00,21772.4,21774.2,0.0,0,1737751354429,1030,0.0,2025-01-25 03:42:34.429000+09:00
2025-01-24 18:42:34.628000+00:00,21772.3,21774.1,0.0,0,1737751354628,1030,0.0,2025-01-25 03:42:34.628000+09:00
2025-01-24 18:42:34.728000+00:00,21772.4,21774.2,0.0,0,1737751354728,1030,0.0,2025-01-25 03:42:34.728000+09:00
2025-01-24 18:42:34.930000+00:00,21772.2,21774.0,0.0,0,1737751354930,1030,0.0,2025-01-25 03:42:34.930000+09:00
2025-01-24 18:42:35.230000+00:00,21771.7,21773.5,0.0,0,1737751355230,1030,0.0,2025-01-25 03:42:35.230000+09:00
2025-01-24 18:42:35.430000+00:00,21771.4,21773.2,0.0,0,1737751355430,1030,0.0,2025-01-25 03:42:35.430000+09:00
2025-01-24 18:42:36.230000+00:00,21771.2,21773.0,0.0,0,1737751356230,1030,0.0,2025-01-25 03:42:36.230000+09:00
2025-01-24 18:42:36.430000+00:00,21771.4,21773.2,0.0,0,1737751356430,1030,0.0,2025-01-25 03:42:36.430000+09:00
2025-01-24 18:42:36.630000+00:00,21771.7,21773.5,0.0,0,1737751356630,1030,0.0,2025-01-25 03:42:36.630000+09:00
2025-01-24 18:42:36.731000+00:00,21772.3,21774.1,0.0,0,1737751356731,1030,0.0,2025-01-25 03:42:36.731000+09:00
2025-01-24 18:42:36.831000+00:00,21772.4,21774.2,0.0,0,1737751356831,1030,0.0,2025-01-25 03:42:36.831000+09:00
2025-01-24 18:42:37.230000+00:00,21772.2,21774.0,0.0,0,1737751357230,1030,0.0,2025-01-25 03:42:37.230000+09:00
2025-01-24 18:42:37.330000+00:00,21771.9,21773.7,0.0,0,1737751357330,1030,0.0,2025-01-25 03:42:37.330000+09:00
2025-01-24 18:42:37.530000+00:00,21772.0,21773.8,0.0,0,1737751357530,1030,0.0,2025-01-25 03:42:37.530000+09:00
2025-01-24 18:42:37.630000+00:00,21772.2,21774.0,0.0,0,1737751357630,1030,0.0,2025-01-25 03:42:37.630000+09:00
2025-01-24 18:42:37.730000+00:00,21771.9,21773.7,0.0,0,1737751357730,1030,0.0,2025-01-25 03:42:37.730000+09:00
2025-01-24 18:42:38.131000+00:00,21772.0,21773.8,0.0,0,1737751358131,1030,0.0,2025-01-25 03:42:38.131000+09:00
2025-01-24 18:42:38.231000+00:00,21771.9,21773.7,0.0,0,1737751358231,1030,0.0,2025-01-25 03:42:38.231000+09:00
2025-01-24 18:42:38.331000+00:00,21772.5,21774.3,0.0,0,1737751358331,1030,0.0,2025-01-25 03:42:38.331000+09:00
2025-01-24 18:42:38.431000+00:00,21772.2,21774.0,0.0,0,1737751358431,1030,0.0,2025-01-25 03:42:38.431000+09:00
2025-01-24 18:42:38.531000+00:00,21772.3,21774.1,0.0,0,1737751358531,1030,0.0,2025-01-25 03:42:38.531000+09:00
2025-01-24 18:42:38.831000+00:00,21772.4,21774.2,0.0,0,1737751358831,1030,0.0,2025-01-25 03:42:38.831000+09:00
2025-01-24 18:42:38.931000+00:00,21772.3,21774.1,0.0,0,1737751358931,1030,0.0,2025-01-25 03:42:38.931000+09:00
2025-01-24 18:42:39.231000+00:00,21772.4,21774.2,0.0,0,1737751359231,1030,0.0,2025-01-25 03:42:39.231000+09:00
2025-01-24 18:42:39.331000+00:00,21772.3,21774.1,0.0,0,1737751359331,1030,0.0,2025-01-25 03:42:39.331000+09:00
2025-01-24 18:42:39.531000+00:00,21772.4,21774.2,0.0,0,1737751359531,1030,0.0,2025-01-25 03:42:39.531000+09:00
2025-01-24 18:42:40.134000+00:00,21772.5,21774.3,0.0,0,1737751360134,1030,0.0,2025-01-25 03:42:40.134000+09:00
2025-01-24 18:42:40.236000+00:00,21773.7,21775.5,0.0,0,1737751360236,1030,0.0,2025-01-25 03:42:40.236000+09:00
2025-01-24 18:42:40.435000+00:00,21773.9,21775.7,0.0,0,1737751360435,1030,0.0,2025-01-25 03:42:40.435000+09:00
2025-01-24 18:42:40.636000+00:00,21773.7,21775.5,0.0,0,1737751360636,1030,0.0,2025-01-25 03:42:40.636000+09:00
2025-01-24 18:42:40.842000+00:00,21773.8,21775.6,0.0,0,1737751360842,1030,0.0,2025-01-25 03:42:40.842000+09:00
2025-01-24 18:42:40.938000+00:00,21773.7,21775.5,0.0,0,1737751360938,1030,0.0,2025-01-25 03:42:40.938000+09:00
2025-01-24 18:42:41.038000+00:00,21773.8,21775.6,0.0,0,1737751361038,1030,0.0,2025-01-25 03:42:41.038000+09:00
2025-01-24 18:42:41.136000+00:00,21774.0,21775.8,0.0,0,1737751361136,1030,0.0,2025-01-25 03:42:41.136000+09:00
2025-01-24 18:42:41.337000+00:00,21774.4,21776.2,0.0,0,1737751361337,1030,0.0,2025-01-25 03:42:41.337000+09:00
2025-01-24 18:42:41.437000+00:00,21774.2,21776.0,0.0,0,1737751361437,1030,0.0,2025-01-25 03:42:41.437000+09:00
2025-01-24 18:42:41.537000+00:00,21774.4,21776.2,0.0,0,1737751361537,1030,0.0,2025-01-25 03:42:41.537000+09:00
2025-01-24 18:42:41.637000+00:00,21774.3,21776.1,0.0,0,1737751361637,1030,0.0,2025-01-25 03:42:41.637000+09:00
2025-01-24 18:42:41.737000+00:00,21774.7,21776.5,0.0,0,1737751361737,1030,0.0,2025-01-25 03:42:41.737000+09:00
2025-01-24 18:42:41.838000+00:00,21774.8,21776.6,0.0,0,1737751361838,1030,0.0,2025-01-25 03:42:41.838000+09:00
2025-01-24 18:42:41.941000+00:00,21774.4,21776.2,0.0,0,1737751361941,1030,0.0,2025-01-25 03:42:41.941000+09:00
2025-01-24 18:42:42.140000+00:00,21774.3,21776.1,0.0,0,1737751362140,1030,0.0,2025-01-25 03:42:42.140000+09:00
2025-01-24 18:42:42.340000+00:00,21774.2,21776.0,0.0,0,1737751362340,1030,0.0,2025-01-25 03:42:42.340000+09:00
2025-01-24 18:42:42.540000+00:00,21774.4,21776.2,0.0,0,1737751362540,1030,0.0,2025-01-25 03:42:42.540000+09:00
2025-01-24 18:42:42.741000+00:00,21774.8,21776.6,0.0,0,1737751362741,1030,0.0,2025-01-25 03:42:42.741000+09:00
2025-01-24 18:42:42.840000+00:00,21774.9,21776.7,0.0,0,1737751362840,1030,0.0,2025-01-25 03:42:42.840000+09:00
2025-01-24 18:42:43.041000+00:00,21775.4,21777.2,0.0,0,1737751363041,1030,0.0,2025-01-25 03:42:43.041000+09:00
2025-01-24 18:42:43.142000+00:00,21775.3,21777.1,0.0,0,1737751363142,1030,0.0,2025-01-25 03:42:43.142000+09:00
2025-01-24 18:42:43.344000+00:00,21775.2,21777.0,0.0,0,1737751363344,1030,0.0,2025-01-25 03:42:43.344000+09:00
2025-01-24 18:42:43.443000+00:00,21775.0,21776.8,0.0,0,1737751363443,1030,0.0,2025-01-25 03:42:43.443000+09:00
2025-01-24 18:42:43.642000+00:00,21775.3,21777.1,0.0,0,1737751363642,1030,0.0,2025-01-25 03:42:43.642000+09:00
2025-01-24 18:42:43.742000+00:00,21774.9,21776.7,0.0,0,1737751363742,1030,0.0,2025-01-25 03:42:43.742000+09:00
2025-01-24 18:42:44.042000+00:00,21775.4,21777.2,0.0,0,1737751364042,1030,0.0,2025-01-25 03:42:44.042000+09:00
2025-01-24 18:42:44.242000+00:00,21775.7,21777.5,0.0,0,1737751364242,1030,0.0,2025-01-25 03:42:44.242000+09:00
2025-01-24 18:42:44.443000+00:00,21775.9,21777.7,0.0,0,1737751364443,1030,0.0,2025-01-25 03:42:44.443000+09:00
2025-01-24 18:42:44.544000+00:00,21776.7,21778.5,0.0,0,1737751364544,1030,0.0,2025-01-25 03:42:44.544000+09:00
2025-01-24 18:42:44.642000+00:00,21776.4,21778.2,0.0,0,1737751364642,1030,0.0,2025-01-25 03:42:44.642000+09:00
2025-01-24 18:42:44.844000+00:00,21777.4,21779.2,0.0,0,1737751364844,1030,0.0,2025-01-25 03:42:44.844000+09:00
2025-01-24 18:42:44.945000+00:00,21777.2,21779.0,0.0,0,1737751364945,1030,0.0,2025-01-25 03:42:44.945000+09:00
2025-01-24 18:42:45.044000+00:00,21777.4,21779.2,0.0,0,1737751365044,1030,0.0,2025-01-25 03:42:45.044000+09:00
2025-01-24 18:42:45.144000+00:00,21776.9,21778.7,0.0,0,1737751365144,1030,0.0,2025-01-25 03:42:45.144000+09:00
2025-01-24 18:42:45.243000+00:00,21777.2,21779.0,0.0,0,1737751365243,1030,0.0,2025-01-25 03:42:45.243000+09:00
2025-01-24 18:42:45.343000+00:00,21776.9,21778.7,0.0,0,1737751365343,1030,0.0,2025-01-25 03:42:45.343000+09:00
2025-01-24 18:42:45.543000+00:00,21777.2,21779.0,0.0,0,1737751365543,1030,0.0,2025-01-25 03:42:45.543000+09:00
2025-01-24 18:42:45.743000+00:00,21776.9,21778.7,0.0,0,1737751365743,1030,0.0,2025-01-25 03:42:45.743000+09:00
2025-01-24 18:42:46.242000+00:00,21777.5,21779.3,0.0,0,1737751366242,1030,0.0,2025-01-25 03:42:46.242000+09:00
2025-01-24 18:42:46.442000+00:00,21777.7,21779.5,0.0,0,1737751366442,1030,0.0,2025-01-25 03:42:46.442000+09:00
2025-01-24 18:42:46.844000+00:00,21777.5,21779.3,0.0,0,1737751366844,1030,0.0,2025-01-25 03:42:46.844000+09:00
2025-01-24 18:42:46.944000+00:00,21777.2,21779.0,0.0,0,1737751366944,1030,0.0,2025-01-25 03:42:46.944000+09:00
2025-01-24 18:42:47.043000+00:00,21777.3,21779.1,0.0,0,1737751367043,1030,0.0,2025-01-25 03:42:47.043000+09:00
2025-01-24 18:42:47.144000+00:00,21777.2,21779.0,0.0,0,1737751367144,1030,0.0,2025-01-25 03:42:47.144000+09:00
2025-01-24 18:42:47.244000+00:00,21777.3,21779.1,0.0,0,1737751367244,1030,0.0,2025-01-25 03:42:47.244000+09:00
2025-01-24 18:42:47.345000+00:00,21777.2,21779.0,0.0,0,1737751367345,1030,0.0,2025-01-25 03:42:47.345000+09:00
2025-01-24 18:42:47.544000+00:00,21777.7,21779.5,0.0,0,1737751367544,1030,0.0,2025-01-25 03:42:47.544000+09:00
2025-01-24 18:42:47.644000+00:00,21777.4,21779.2,0.0,0,1737751367644,1030,0.0,2025-01-25 03:42:47.644000+09:00
2025-01-24 18:42:48.244000+00:00,21777.3,21779.1,0.0,0,1737751368244,1030,0.0,2025-01-25 03:42:48.244000+09:00
2025-01-24 18:42:48.445000+00:00,21777.2,21779.0,0.0,0,1737751368445,1030,0.0,2025-01-25 03:42:48.445000+09:00
2025-01-24 18:42:48.545000+00:00,21777.4,21779.2,0.0,0,1737751368545,1030,0.0,2025-01-25 03:42:48.545000+09:00
2025-01-24 18:42:48.845000+00:00,21776.9,21778.7,0.0,0,1737751368845,1030,0.0,2025-01-25 03:42:48.845000+09:00
2025-01-24 18:42:49.147000+00:00,21777.2,21779.0,0.0,0,1737751369147,1030,0.0,2025-01-25 03:42:49.147000+09:00
2025-01-24 18:42:49.449000+00:00,21776.9,21778.7,0.0,0,1737751369449,1030,0.0,2025-01-25 03:42:49.449000+09:00
2025-01-24 18:42:49.646000+00:00,21777.4,21779.2,0.0,0,1737751369646,1030,0.0,2025-01-25 03:42:49.646000+09:00
2025-01-24 18:42:49.848000+00:00,21777.2,21779.0,0.0,0,1737751369848,1030,0.0,2025-01-25 03:42:49.848000+09:00
2025-01-24 18:42:49.952000+00:00,21776.2,21778.0,0.0,0,1737751369952,1030,0.0,2025-01-25 03:42:49.952000+09:00
2025-01-24 18:42:50.048000+00:00,21776.0,21777.8,0.0,0,1737751370048,1030,0.0,2025-01-25 03:42:50.048000+09:00
2025-01-24 18:42:50.149000+00:00,21776.2,21778.0,0.0,0,1737751370149,1030,0.0,2025-01-25 03:42:50.149000+09:00
2025-01-24 18:42:50.551000+00:00,21776.0,21777.8,0.0,0,1737751370551,1030,0.0,2025-01-25 03:42:50.551000+09:00
2025-01-24 18:42:50.851000+00:00,21776.2,21778.0,0.0,0,1737751370851,1030,0.0,2025-01-25 03:42:50.851000+09:00
2025-01-24 18:42:51.051000+00:00,21776.0,21777.8,0.0,0,1737751371051,1030,0.0,2025-01-25 03:42:51.051000+09:00
2025-01-24 18:42:51.151000+00:00,21776.2,21778.0,0.0,0,1737751371151,1030,0.0,2025-01-25 03:42:51.151000+09:00
2025-01-24 18:42:51.250000+00:00,21776.4,21778.2,0.0,0,1737751371250,1030,0.0,2025-01-25 03:42:51.250000+09:00
2025-01-24 18:42:51.351000+00:00,21776.2,21778.0,0.0,0,1737751371351,1030,0.0,2025-01-25 03:42:51.351000+09:00
2025-01-24 18:42:51.652000+00:00,21776.4,21778.2,0.0,0,1737751371652,1030,0.0,2025-01-25 03:42:51.652000+09:00
2025-01-24 18:42:51.852000+00:00,21776.2,21778.0,0.0,0,1737751371852,1030,0.0,2025-01-25 03:42:51.852000+09:00
2025-01-24 18:42:52.052000+00:00,21776.3,21778.1,0.0,0,1737751372052,1030,0.0,2025-01-25 03:42:52.052000+09:00
2025-01-24 18:42:52.653000+00:00,21776.9,21778.7,0.0,0,1737751372653,1030,0.0,2025-01-25 03:42:52.653000+09:00
2025-01-24 18:42:52.854000+00:00,21776.7,21778.5,0.0,0,1737751372854,1030,0.0,2025-01-25 03:42:52.854000+09:00
2025-01-24 18:42:53.153000+00:00,21777.2,21779.0,0.0,0,1737751373153,1030,0.0,2025-01-25 03:42:53.153000+09:00
2025-01-24 18:42:53.254000+00:00,21776.4,21778.2,0.0,0,1737751373254,1030,0.0,2025-01-25 03:42:53.254000+09:00
2025-01-24 18:42:53.453000+00:00,21776.9,21778.7,0.0,0,1737751373453,1030,0.0,2025-01-25 03:42:53.453000+09:00
2025-01-24 18:42:53.552000+00:00,21776.7,21778.5,0.0,0,1737751373552,1030,0.0,2025-01-25 03:42:53.552000+09:00
2025-01-24 18:42:53.653000+00:00,21776.9,21778.7,0.0,0,1737751373653,1030,0.0,2025-01-25 03:42:53.653000+09:00
2025-01-24 18:42:53.853000+00:00,21777.0,21778.8,0.0,0,1737751373853,1030,0.0,2025-01-25 03:42:53.853000+09:00
2025-01-24 18:42:53.953000+00:00,21777.2,21779.0,0.0,0,1737751373953,1030,0.0,2025-01-25 03:42:53.953000+09:00
2025-01-24 18:42:54.053000+00:00,21776.5,21778.3,0.0,0,1737751374053,1030,0.0,2025-01-25 03:42:54.053000+09:00
2025-01-24 18:42:54.153000+00:00,21776.4,21778.2,0.0,0,1737751374153,1030,0.0,2025-01-25 03:42:54.153000+09:00
2025-01-24 18:42:54.253000+00:00,21775.9,21777.7,0.0,0,1737751374253,1030,0.0,2025-01-25 03:42:54.253000+09:00
2025-01-24 18:42:54.353000+00:00,21775.7,21777.5,0.0,0,1737751374353,1030,0.0,2025-01-25 03:42:54.353000+09:00
2025-01-24 18:42:54.754000+00:00,21776.0,21777.8,0.0,0,1737751374754,1030,0.0,2025-01-25 03:42:54.754000+09:00
2025-01-24 18:42:54.853000+00:00,21776.2,21778.0,0.0,0,1737751374853,1030,0.0,2025-01-25 03:42:54.853000+09:00
2025-01-24 18:42:54.953000+00:00,21775.7,21777.5,0.0,0,1737751374953,1030,0.0,2025-01-25 03:42:54.953000+09:00
2025-01-24 18:42:55.053000+00:00,21775.4,21777.2,0.0,0,1737751375053,1030,0.0,2025-01-25 03:42:55.053000+09:00
2025-01-24 18:42:55.352000+00:00,21775.7,21777.5,0.0,0,1737751375352,1030,0.0,2025-01-25 03:42:55.352000+09:00
2025-01-24 18:42:55.653000+00:00,21775.9,21777.7,0.0,0,1737751375653,1030,0.0,2025-01-25 03:42:55.653000+09:00
2025-01-24 18:42:55.753000+00:00,21775.7,21777.5,0.0,0,1737751375753,1030,0.0,2025-01-25 03:42:55.753000+09:00
2025-01-24 18:42:56.154000+00:00,21775.9,21777.7,0.0,0,1737751376154,1030,0.0,2025-01-25 03:42:56.154000+09:00
2025-01-24 18:42:56.553000+00:00,21775.8,21777.6,0.0,0,1737751376553,1030,0.0,2025-01-25 03:42:56.553000+09:00
2025-01-24 18:42:56.653000+00:00,21776.2,21778.0,0.0,0,1737751376653,1030,0.0,2025-01-25 03:42:56.653000+09:00
2025-01-24 18:42:56.753000+00:00,21776.4,21778.2,0.0,0,1737751376753,1030,0.0,2025-01-25 03:42:56.753000+09:00
2025-01-24 18:42:56.954000+00:00,21775.9,21777.7,0.0,0,1737751376954,1030,0.0,2025-01-25 03:42:56.954000+09:00
2025-01-24 18:42:57.054000+00:00,21776.2,21778.0,0.0,0,1737751377054,1030,0.0,2025-01-25 03:42:57.054000+09:00
2025-01-24 18:42:57.154000+00:00,21776.4,21778.2,0.0,0,1737751377154,1030,0.0,2025-01-25 03:42:57.154000+09:00
2025-01-24 18:42:57.355000+00:00,21776.9,21778.7,0.0,0,1737751377355,1030,0.0,2025-01-25 03:42:57.355000+09:00
2025-01-24 18:42:57.456000+00:00,21777.4,21779.2,0.0,0,1737751377456,1030,0.0,2025-01-25 03:42:57.456000+09:00
2025-01-24 18:42:57.556000+00:00,21777.7,21779.5,0.0,0,1737751377556,1030,0.0,2025-01-25 03:42:57.556000+09:00
2025-01-24 18:42:57.656000+00:00,21777.4,21779.2,0.0,0,1737751377656,1030,0.0,2025-01-25 03:42:57.656000+09:00
2025-01-24 18:42:57.857000+00:00,21776.2,21778.0,0.0,0,1737751377857,1030,0.0,2025-01-25 03:42:57.857000+09:00
2025-01-24 18:42:57.957000+00:00,21776.7,21778.5,0.0,0,1737751377957,1030,0.0,2025-01-25 03:42:57.957000+09:00
2025-01-24 18:42:58.260000+00:00,21777.2,21779.0,0.0,0,1737751378260,1030,0.0,2025-01-25 03:42:58.260000+09:00
2025-01-24 18:42:58.359000+00:00,21776.8,21778.6,0.0,0,1737751378359,1030,0.0,2025-01-25 03:42:58.359000+09:00
2025-01-24 18:42:58.459000+00:00,21776.7,21778.5,0.0,0,1737751378459,1030,0.0,2025-01-25 03:42:58.459000+09:00
2025-01-24 18:42:58.659000+00:00,21776.8,21778.6,0.0,0,1737751378659,1030,0.0,2025-01-25 03:42:58.659000+09:00
2025-01-24 18:42:58.861000+00:00,21776.9,21778.7,0.0,0,1737751378861,1030,0.0,2025-01-25 03:42:58.861000+09:00
2025-01-24 18:42:59.160000+00:00,21776.8,21778.6,0.0,0,1737751379160,1030,0.0,2025-01-25 03:42:59.160000+09:00
2025-01-24 18:42:59.461000+00:00,21776.9,21778.7,0.0,0,1737751379461,1030,0.0,2025-01-25 03:42:59.461000+09:00
2025-01-24 18:42:59.561000+00:00,21777.2,21779.0,0.0,0,1737751379561,1030,0.0,2025-01-25 03:42:59.561000+09:00
2025-01-24 18:42:59.661000+00:00,21777.0,21778.8,0.0,0,1737751379661,1030,0.0,2025-01-25 03:42:59.661000+09:00
2025-01-24 18:42:59.762000+00:00,21776.9,21778.7,0.0,0,1737751379762,1030,0.0,2025-01-25 03:42:59.762000+09:00
2025-01-24 18:42:59.862000+00:00,21776.8,21778.6,0.0,0,1737751379862,1030,0.0,2025-01-25 03:42:59.862000+09:00
2025-01-24 18:42:59.961000+00:00,21776.7,21778.5,0.0,0,1737751379961,1030,0.0,2025-01-25 03:42:59.961000+09:00
2025-01-24 18:43:00.062000+00:00,21776.9,21778.7,0.0,0,1737751380062,1030,0.0,2025-01-25 03:43:00.062000+09:00
2025-01-24 18:43:00.161000+00:00,21776.7,21778.5,0.0,0,1737751380161,1030,0.0,2025-01-25 03:43:00.161000+09:00
2025-01-24 18:43:00.361000+00:00,21777.2,21779.0,0.0,0,1737751380361,1030,0.0,2025-01-25 03:43:00.361000+09:00
2025-01-24 18:43:00.461000+00:00,21776.9,21778.7,0.0,0,1737751380461,1030,0.0,2025-01-25 03:43:00.461000+09:00
2025-01-24 18:43:00.561000+00:00,21776.7,21778.5,0.0,0,1737751380561,1030,0.0,2025-01-25 03:43:00.561000+09:00
2025-01-24 18:43:00.862000+00:00,21775.9,21777.7,0.0,0,1737751380862,1030,0.0,2025-01-25 03:43:00.862000+09:00
2025-01-24 18:43:01.463000+00:00,21776.0,21777.8,0.0,0,1737751381463,1030,0.0,2025-01-25 03:43:01.463000+09:00
2025-01-24 18:43:01.563000+00:00,21776.2,21778.0,0.0,0,1737751381563,1030,0.0,2025-01-25 03:43:01.563000+09:00
2025-01-24 18:43:01.663000+00:00,21775.9,21777.7,0.0,0,1737751381663,1030,0.0,2025-01-25 03:43:01.663000+09:00
2025-01-24 18:43:01.965000+00:00,21776.2,21778.0,0.0,0,1737751381965,1030,0.0,2025-01-25 03:43:01.965000+09:00
2025-01-24 18:43:02.265000+00:00,21776.4,21778.2,0.0,0,1737751382265,1030,0.0,2025-01-25 03:43:02.265000+09:00
2025-01-24 18:43:02.364000+00:00,21776.2,21778.0,0.0,0,1737751382364,1030,0.0,2025-01-25 03:43:02.364000+09:00
2025-01-24 18:43:02.464000+00:00,21776.4,21778.2,0.0,0,1737751382464,1030,0.0,2025-01-25 03:43:02.464000+09:00
2025-01-24 18:43:02.664000+00:00,21776.2,21778.0,0.0,0,1737751382664,1030,0.0,2025-01-25 03:43:02.664000+09:00
2025-01-24 18:43:02.765000+00:00,21776.7,21778.5,0.0,0,1737751382765,1030,0.0,2025-01-25 03:43:02.765000+09:00
2025-01-24 18:43:03.065000+00:00,21776.4,21778.2,0.0,0,1737751383065,1030,0.0,2025-01-25 03:43:03.065000+09:00
2025-01-24 18:43:03.165000+00:00,21775.5,21777.3,0.0,0,1737751383165,1030,0.0,2025-01-25 03:43:03.165000+09:00
2025-01-24 18:43:03.266000+00:00,21775.7,21777.5,0.0,0,1737751383266,1030,0.0,2025-01-25 03:43:03.266000+09:00
2025-01-24 18:43:03.465000+00:00,21775.8,21777.6,0.0,0,1737751383465,1030,0.0,2025-01-25 03:43:03.465000+09:00
2025-01-24 18:43:03.565000+00:00,21775.7,21777.5,0.0,0,1737751383565,1030,0.0,2025-01-25 03:43:03.565000+09:00
2025-01-24 18:43:03.966000+00:00,21775.4,21777.2,0.0,0,1737751383966,1030,0.0,2025-01-25 03:43:03.966000+09:00
2025-01-24 18:43:04.065000+00:00,21776.0,21777.8,0.0,0,1737751384065,1030,0.0,2025-01-25 03:43:04.065000+09:00
2025-01-24 18:43:04.166000+00:00,21776.2,21778.0,0.0,0,1737751384166,1030,0.0,2025-01-25 03:43:04.166000+09:00
2025-01-24 18:43:04.266000+00:00,21776.5,21778.3,0.0,0,1737751384266,1030,0.0,2025-01-25 03:43:04.266000+09:00
2025-01-24 18:43:04.367000+00:00,21776.2,21778.0,0.0,0,1737751384367,1030,0.0,2025-01-25 03:43:04.367000+09:00
2025-01-24 18:43:04.768000+00:00,21776.7,21778.5,0.0,0,1737751384768,1030,0.0,2025-01-25 03:43:04.768000+09:00
2025-01-24 18:43:05.068000+00:00,21776.9,21778.7,0.0,0,1737751385068,1030,0.0,2025-01-25 03:43:05.068000+09:00
2025-01-24 18:43:05.269000+00:00,21776.7,21778.5,0.0,0,1737751385269,1030,0.0,2025-01-25 03:43:05.269000+09:00
2025-01-24 18:43:05.369000+00:00,21776.4,21778.2,0.0,0,1737751385369,1030,0.0,2025-01-25 03:43:05.369000+09:00
2025-01-24 18:43:05.773000+00:00,21776.9,21778.7,0.0,0,1737751385773,1030,0.0,2025-01-25 03:43:05.773000+09:00
2025-01-24 18:43:05.872000+00:00,21777.2,21779.0,0.0,0,1737751385872,1030,0.0,2025-01-25 03:43:05.872000+09:00
2025-01-24 18:43:06.173000+00:00,21777.4,21779.2,0.0,0,1737751386173,1030,0.0,2025-01-25 03:43:06.173000+09:00
2025-01-24 18:43:06.375000+00:00,21777.7,21779.5,0.0,0,1737751386375,1030,0.0,2025-01-25 03:43:06.375000+09:00
2025-01-24 18:43:06.476000+00:00,21778.5,21780.3,0.0,0,1737751386476,1030,0.0,2025-01-25 03:43:06.476000+09:00
2025-01-24 18:43:06.575000+00:00,21778.9,21780.7,0.0,0,1737751386575,1030,0.0,2025-01-25 03:43:06.575000+09:00
2025-01-24 18:43:06.674000+00:00,21778.7,21780.5,0.0,0,1737751386674,1030,0.0,2025-01-25 03:43:06.674000+09:00
2025-01-24 18:43:06.774000+00:00,21778.2,21780.0,0.0,0,1737751386774,1030,0.0,2025-01-25 03:43:06.774000+09:00
2025-01-24 18:43:06.874000+00:00,21778.7,21780.5,0.0,0,1737751386874,1030,0.0,2025-01-25 03:43:06.874000+09:00
2025-01-24 18:43:06.974000+00:00,21778.9,21780.7,0.0,0,1737751386974,1030,0.0,2025-01-25 03:43:06.974000+09:00
2025-01-24 18:43:07.074000+00:00,21778.7,21780.5,0.0,0,1737751387074,1030,0.0,2025-01-25 03:43:07.074000+09:00
2025-01-24 18:43:07.174000+00:00,21778.8,21780.6,0.0,0,1737751387174,1030,0.0,2025-01-25 03:43:07.174000+09:00
2025-01-24 18:43:07.275000+00:00,21778.7,21780.5,0.0,0,1737751387275,1030,0.0,2025-01-25 03:43:07.275000+09:00
2025-01-24 18:43:07.376000+00:00,21778.2,21780.0,0.0,0,1737751387376,1030,0.0,2025-01-25 03:43:07.376000+09:00
2025-01-24 18:43:07.476000+00:00,21778.0,21779.8,0.0,0,1737751387476,1030,0.0,2025-01-25 03:43:07.476000+09:00
2025-01-24 18:43:07.578000+00:00,21778.2,21780.0,0.0,0,1737751387578,1030,0.0,2025-01-25 03:43:07.578000+09:00
2025-01-24 18:43:07.677000+00:00,21777.9,21779.7,0.0,0,1737751387677,1030,0.0,2025-01-25 03:43:07.677000+09:00
2025-01-24 18:43:08.076000+00:00,21778.7,21780.5,0.0,0,1737751388076,1030,0.0,2025-01-25 03:43:08.076000+09:00
2025-01-24 18:43:08.176000+00:00,21778.4,21780.2,0.0,0,1737751388176,1030,0.0,2025-01-25 03:43:08.176000+09:00
2025-01-24 18:43:08.277000+00:00,21778.5,21780.3,0.0,0,1737751388277,1030,0.0,2025-01-25 03:43:08.277000+09:00
2025-01-24 18:43:08.377000+00:00,21778.9,21780.7,0.0,0,1737751388377,1030,0.0,2025-01-25 03:43:08.377000+09:00
2025-01-24 18:43:08.578000+00:00,21779.0,21780.8,0.0,0,1737751388578,1030,0.0,2025-01-25 03:43:08.578000+09:00
2025-01-24 18:43:08.678000+00:00,21779.2,21781.0,0.0,0,1737751388678,1030,0.0,2025-01-25 03:43:08.678000+09:00
2025-01-24 18:43:08.779000+00:00,21779.3,21781.1,0.0,0,1737751388779,1030,0.0,2025-01-25 03:43:08.779000+09:00
2025-01-24 18:43:08.877000+00:00,21779.4,21781.2,0.0,0,1737751388877,1030,0.0,2025-01-25 03:43:08.877000+09:00
2025-01-24 18:43:09.076000+00:00,21780.0,21781.8,0.0,0,1737751389076,1030,0.0,2025-01-25 03:43:09.076000+09:00
2025-01-24 18:43:09.178000+00:00,21780.2,21782.0,0.0,0,1737751389178,1030,0.0,2025-01-25 03:43:09.178000+09:00
2025-01-24 18:43:09.277000+00:00,21779.9,21781.7,0.0,0,1737751389277,1030,0.0,2025-01-25 03:43:09.277000+09:00
2025-01-24 18:43:09.377000+00:00,21780.0,21781.8,0.0,0,1737751389377,1030,0.0,2025-01-25 03:43:09.377000+09:00
2025-01-24 18:43:09.477000+00:00,21779.7,21781.5,0.0,0,1737751389477,1030,0.0,2025-01-25 03:43:09.477000+09:00
2025-01-24 18:43:09.578000+00:00,21779.9,21781.7,0.0,0,1737751389578,1030,0.0,2025-01-25 03:43:09.578000+09:00
2025-01-24 18:43:09.779000+00:00,21779.8,21781.6,0.0,0,1737751389779,1030,0.0,2025-01-25 03:43:09.779000+09:00
2025-01-24 18:43:09.878000+00:00,21780.0,21781.8,0.0,0,1737751389878,1030,0.0,2025-01-25 03:43:09.878000+09:00
2025-01-24 18:43:09.980000+00:00,21779.9,21781.7,0.0,0,1737751389980,1030,0.0,2025-01-25 03:43:09.980000+09:00
2025-01-24 18:43:10.080000+00:00,21780.0,21781.8,0.0,0,1737751390080,1030,0.0,2025-01-25 03:43:10.080000+09:00
2025-01-24 18:43:10.180000+00:00,21778.7,21780.5,0.0,0,1737751390180,1030,0.0,2025-01-25 03:43:10.180000+09:00
2025-01-24 18:43:10.380000+00:00,21777.9,21779.7,0.0,0,1737751390380,1030,0.0,2025-01-25 03:43:10.380000+09:00
2025-01-24 18:43:10.479000+00:00,21777.8,21779.6,0.0,0,1737751390479,1030,0.0,2025-01-25 03:43:10.479000+09:00
2025-01-24 18:43:10.679000+00:00,21777.9,21779.7,0.0,0,1737751390679,1030,0.0,2025-01-25 03:43:10.679000+09:00
2025-01-24 18:43:10.780000+00:00,21778.0,21779.8,0.0,0,1737751390780,1030,0.0,2025-01-25 03:43:10.780000+09:00
2025-01-24 18:43:10.881000+00:00,21777.9,21779.7,0.0,0,1737751390881,1030,0.0,2025-01-25 03:43:10.881000+09:00
2025-01-24 18:43:10.981000+00:00,21778.0,21779.8,0.0,0,1737751390981,1030,0.0,2025-01-25 03:43:10.981000+09:00
2025-01-24 18:43:11.081000+00:00,21777.9,21779.7,0.0,0,1737751391081,1030,0.0,2025-01-25 03:43:11.081000+09:00
2025-01-24 18:43:11.181000+00:00,21777.8,21779.6,0.0,0,1737751391181,1030,0.0,2025-01-25 03:43:11.181000+09:00
2025-01-24 18:43:11.280000+00:00,21777.7,21779.5,0.0,0,1737751391280,1030,0.0,2025-01-25 03:43:11.280000+09:00
2025-01-24 18:43:11.380000+00:00,21777.9,21779.7,0.0,0,1737751391380,1030,0.0,2025-01-25 03:43:11.380000+09:00
2025-01-24 18:43:11.480000+00:00,21777.7,21779.5,0.0,0,1737751391480,1030,0.0,2025-01-25 03:43:11.480000+09:00
2025-01-24 18:43:11.580000+00:00,21777.9,21779.7,0.0,0,1737751391580,1030,0.0,2025-01-25 03:43:11.580000+09:00
2025-01-24 18:43:11.981000+00:00,21778.2,21780.0,0.0,0,1737751391981,1030,0.0,2025-01-25 03:43:11.981000+09:00
2025-01-24 18:43:12.081000+00:00,21778.0,21779.8,0.0,0,1737751392081,1030,0.0,2025-01-25 03:43:12.081000+09:00
2025-01-24 18:43:12.282000+00:00,21777.9,21779.7,0.0,0,1737751392282,1030,0.0,2025-01-25 03:43:12.282000+09:00
2025-01-24 18:43:12.482000+00:00,21778.2,21780.0,0.0,0,1737751392482,1030,0.0,2025-01-25 03:43:12.482000+09:00
2025-01-24 18:43:12.582000+00:00,21778.3,21780.1,0.0,0,1737751392582,1030,0.0,2025-01-25 03:43:12.582000+09:00
2025-01-24 18:43:12.682000+00:00,21778.4,21780.2,0.0,0,1737751392682,1030,0.0,2025-01-25 03:43:12.682000+09:00
2025-01-24 18:43:12.783000+00:00,21778.5,21780.3,0.0,0,1737751392783,1030,0.0,2025-01-25 03:43:12.783000+09:00
2025-01-24 18:43:12.982000+00:00,21778.4,21780.2,0.0,0,1737751392982,1030,0.0,2025-01-25 03:43:12.982000+09:00
2025-01-24 18:43:13.383000+00:00,21778.7,21780.5,0.0,0,1737751393383,1030,0.0,2025-01-25 03:43:13.383000+09:00
2025-01-24 18:43:13.484000+00:00,21778.4,21780.2,0.0,0,1737751393484,1030,0.0,2025-01-25 03:43:13.484000+09:00
2025-01-24 18:43:13.883000+00:00,21777.9,21779.7,0.0,0,1737751393883,1030,0.0,2025-01-25 03:43:13.883000+09:00
2025-01-24 18:43:13.983000+00:00,21777.8,21779.6,0.0,0,1737751393983,1030,0.0,2025-01-25 03:43:13.983000+09:00
2025-01-24 18:43:14.083000+00:00,21777.9,21779.7,0.0,0,1737751394083,1030,0.0,2025-01-25 03:43:14.083000+09:00
2025-01-24 18:43:14.183000+00:00,21778.2,21780.0,0.0,0,1737751394183,1030,0.0,2025-01-25 03:43:14.183000+09:00
2025-01-24 18:43:14.383000+00:00,21778.0,21779.8,0.0,0,1737751394383,1030,0.0,2025-01-25 03:43:14.383000+09:00
2025-01-24 18:43:14.483000+00:00,21778.2,21780.0,0.0,0,1737751394483,1030,0.0,2025-01-25 03:43:14.483000+09:00
2025-01-24 18:43:14.683000+00:00,21778.3,21780.1,0.0,0,1737751394683,1030,0.0,2025-01-25 03:43:14.683000+09:00
2025-01-24 18:43:14.782000+00:00,21778.2,21780.0,0.0,0,1737751394782,1030,0.0,2025-01-25 03:43:14.782000+09:00
2025-01-24 18:43:15.083000+00:00,21777.9,21779.7,0.0,0,1737751395083,1030,0.0,2025-01-25 03:43:15.083000+09:00
2025-01-24 18:43:15.783000+00:00,21777.7,21779.5,0.0,0,1737751395783,1030,0.0,2025-01-25 03:43:15.783000+09:00
2025-01-24 18:43:15.983000+00:00,21777.2,21779.0,0.0,0,1737751395983,1030,0.0,2025-01-25 03:43:15.983000+09:00
2025-01-24 18:43:16.084000+00:00,21777.7,21779.5,0.0,0,1737751396084,1030,0.0,2025-01-25 03:43:16.084000+09:00
2025-01-24 18:43:16.283000+00:00,21778.0,21779.8,0.0,0,1737751396283,1030,0.0,2025-01-25 03:43:16.283000+09:00
2025-01-24 18:43:16.485000+00:00,21778.2,21780.0,0.0,0,1737751396485,1030,0.0,2025-01-25 03:43:16.485000+09:00
2025-01-24 18:43:16.583000+00:00,21778.3,21780.1,0.0,0,1737751396583,1030,0.0,2025-01-25 03:43:16.583000+09:00
2025-01-24 18:43:16.684000+00:00,21778.2,21780.0,0.0,0,1737751396684,1030,0.0,2025-01-25 03:43:16.684000+09:00
2025-01-24 18:43:16.783000+00:00,21778.4,21780.2,0.0,0,1737751396783,1030,0.0,2025-01-25 03:43:16.783000+09:00
2025-01-24 18:43:17.184000+00:00,21779.2,21781.0,0.0,0,1737751397184,1030,0.0,2025-01-25 03:43:17.184000+09:00
2025-01-24 18:43:17.285000+00:00,21779.4,21781.2,0.0,0,1737751397285,1030,0.0,2025-01-25 03:43:17.285000+09:00
2025-01-24 18:43:17.885000+00:00,21779.7,21781.5,0.0,0,1737751397885,1030,0.0,2025-01-25 03:43:17.885000+09:00
2025-01-24 18:43:18.084000+00:00,21779.2,21781.0,0.0,0,1737751398084,1030,0.0,2025-01-25 03:43:18.084000+09:00
2025-01-24 18:43:18.586000+00:00,21778.9,21780.7,0.0,0,1737751398586,1030,0.0,2025-01-25 03:43:18.586000+09:00
2025-01-24 18:43:18.887000+00:00,21779.2,21781.0,0.0,0,1737751398887,1030,0.0,2025-01-25 03:43:18.887000+09:00
2025-01-24 18:43:19.085000+00:00,21778.9,21780.7,0.0,0,1737751399085,1030,0.0,2025-01-25 03:43:19.085000+09:00
2025-01-24 18:43:19.185000+00:00,21779.2,21781.0,0.0,0,1737751399185,1030,0.0,2025-01-25 03:43:19.185000+09:00
2025-01-24 18:43:19.686000+00:00,21778.9,21780.7,0.0,0,1737751399686,1030,0.0,2025-01-25 03:43:19.686000+09:00
2025-01-24 18:43:20.687000+00:00,21778.8,21780.6,0.0,0,1737751400687,1030,0.0,2025-01-25 03:43:20.687000+09:00
2025-01-24 18:43:20.786000+00:00,21778.4,21780.2,0.0,0,1737751400786,1030,0.0,2025-01-25 03:43:20.786000+09:00
2025-01-24 18:43:21.087000+00:00,21778.3,21780.1,0.0,0,1737751401087,1030,0.0,2025-01-25 03:43:21.087000+09:00
2025-01-24 18:43:21.288000+00:00,21778.4,21780.2,0.0,0,1737751401288,1030,0.0,2025-01-25 03:43:21.288000+09:00
2025-01-24 18:43:21.989000+00:00,21778.0,21779.8,0.0,0,1737751401989,1030,0.0,2025-01-25 03:43:21.989000+09:00
2025-01-24 18:43:22.089000+00:00,21777.9,21779.7,0.0,0,1737751402089,1030,0.0,2025-01-25 03:43:22.089000+09:00
2025-01-24 18:43:22.188000+00:00,21778.2,21780.0,0.0,0,1737751402188,1030,0.0,2025-01-25 03:43:22.188000+09:00
2025-01-24 18:43:22.489000+00:00,21777.9,21779.7,0.0,0,1737751402489,1030,0.0,2025-01-25 03:43:22.489000+09:00
2025-01-24 18:43:23.191000+00:00,21777.8,21779.6,0.0,0,1737751403191,1030,0.0,2025-01-25 03:43:23.191000+09:00
2025-01-24 18:43:23.290000+00:00,21778.2,21780.0,0.0,0,1737751403290,1030,0.0,2025-01-25 03:43:23.290000+09:00
2025-01-24 18:43:23.391000+00:00,21778.5,21780.3,0.0,0,1737751403391,1030,0.0,2025-01-25 03:43:23.391000+09:00
2025-01-24 18:43:23.591000+00:00,21778.7,21780.5,0.0,0,1737751403591,1030,0.0,2025-01-25 03:43:23.591000+09:00
2025-01-24 18:43:23.691000+00:00,21779.2,21781.0,0.0,0,1737751403691,1030,0.0,2025-01-25 03:43:23.691000+09:00
2025-01-24 18:43:24.090000+00:00,21778.9,21780.7,0.0,0,1737751404090,1030,0.0,2025-01-25 03:43:24.090000+09:00
2025-01-24 18:43:24.390000+00:00,21779.2,21781.0,0.0,0,1737751404390,1030,0.0,2025-01-25 03:43:24.390000+09:00
2025-01-24 18:43:24.690000+00:00,21778.9,21780.7,0.0,0,1737751404690,1030,0.0,2025-01-25 03:43:24.690000+09:00
2025-01-24 18:43:25.190000+00:00,21778.7,21780.5,0.0,0,1737751405190,1030,0.0,2025-01-25 03:43:25.190000+09:00
2025-01-24 18:43:25.290000+00:00,21778.4,21780.2,0.0,0,1737751405290,1030,0.0,2025-01-25 03:43:25.290000+09:00
2025-01-24 18:43:25.390000+00:00,21778.2,21780.0,0.0,0,1737751405390,1030,0.0,2025-01-25 03:43:25.390000+09:00
2025-01-24 18:43:25.991000+00:00,21778.3,21780.1,0.0,0,1737751405991,1030,0.0,2025-01-25 03:43:25.991000+09:00
2025-01-24 18:43:26.089000+00:00,21778.2,21780.0,0.0,0,1737751406089,1030,0.0,2025-01-25 03:43:26.089000+09:00
2025-01-24 18:43:26.689000+00:00,21777.9,21779.7,0.0,0,1737751406689,1030,0.0,2025-01-25 03:43:26.689000+09:00
2025-01-24 18:43:26.890000+00:00,21777.7,21779.5,0.0,0,1737751406890,1030,0.0,2025-01-25 03:43:26.890000+09:00
2025-01-24 18:43:26.990000+00:00,21777.4,21779.2,0.0,0,1737751406990,1030,0.0,2025-01-25 03:43:26.990000+09:00
2025-01-24 18:43:27.491000+00:00,21777.5,21779.3,0.0,0,1737751407491,1030,0.0,2025-01-25 03:43:27.491000+09:00
2025-01-24 18:43:27.590000+00:00,21777.4,21779.2,0.0,0,1737751407590,1030,0.0,2025-01-25 03:43:27.590000+09:00
2025-01-24 18:43:27.790000+00:00,21777.5,21779.3,0.0,0,1737751407790,1030,0.0,2025-01-25 03:43:27.790000+09:00
2025-01-24 18:43:27.890000+00:00,21777.7,21779.5,0.0,0,1737751407890,1030,0.0,2025-01-25 03:43:27.890000+09:00
2025-01-24 18:43:28.389000+00:00,21777.5,21779.3,0.0,0,1737751408389,1030,0.0,2025-01-25 03:43:28.389000+09:00
2025-01-24 18:43:28.790000+00:00,21778.0,21779.8,0.0,0,1737751408790,1030,0.0,2025-01-25 03:43:28.790000+09:00
2025-01-24 18:43:28.890000+00:00,21777.9,21779.7,0.0,0,1737751408890,1030,0.0,2025-01-25 03:43:28.890000+09:00
2025-01-24 18:43:29.190000+00:00,21777.7,21779.5,0.0,0,1737751409190,1030,0.0,2025-01-25 03:43:29.190000+09:00
2025-01-24 18:43:29.491000+00:00,21777.9,21779.7,0.0,0,1737751409491,1030,0.0,2025-01-25 03:43:29.491000+09:00
2025-01-24 18:43:29.992000+00:00,21777.5,21779.3,0.0,0,1737751409992,1030,0.0,2025-01-25 03:43:29.992000+09:00
2025-01-24 18:43:30.392000+00:00,21777.7,21779.5,0.0,0,1737751410392,1030,0.0,2025-01-25 03:43:30.392000+09:00
2025-01-24 18:43:30.592000+00:00,21777.8,21779.6,0.0,0,1737751410592,1030,0.0,2025-01-25 03:43:30.592000+09:00
2025-01-24 18:43:30.893000+00:00,21777.7,21779.5,0.0,0,1737751410893,1030,0.0,2025-01-25 03:43:30.893000+09:00
2025-01-24 18:43:31.092000+00:00,21777.4,21779.2,0.0,0,1737751411092,1030,0.0,2025-01-25 03:43:31.092000+09:00
2025-01-24 18:43:31.293000+00:00,21777.5,21779.3,0.0,0,1737751411293,1030,0.0,2025-01-25 03:43:31.293000+09:00
2025-01-24 18:43:31.393000+00:00,21777.4,21779.2,0.0,0,1737751411393,1030,0.0,2025-01-25 03:43:31.393000+09:00
2025-01-24 18:43:31.793000+00:00,21777.2,21779.0,0.0,0,1737751411793,1030,0.0,2025-01-25 03:43:31.793000+09:00
2025-01-24 18:43:31.993000+00:00,21777.4,21779.2,0.0,0,1737751411993,1030,0.0,2025-01-25 03:43:31.993000+09:00
2025-01-24 18:43:32.193000+00:00,21777.7,21779.5,0.0,0,1737751412193,1030,0.0,2025-01-25 03:43:32.193000+09:00
2025-01-24 18:43:32.896000+00:00,21777.9,21779.7,0.0,0,1737751412896,1030,0.0,2025-01-25 03:43:32.896000+09:00
2025-01-24 18:43:33.095000+00:00,21778.0,21779.8,0.0,0,1737751413095,1030,0.0,2025-01-25 03:43:33.095000+09:00
2025-01-24 18:43:33.194000+00:00,21778.2,21780.0,0.0,0,1737751413194,1030,0.0,2025-01-25 03:43:33.194000+09:00
2025-01-24 18:43:33.696000+00:00,21778.3,21780.1,0.0,0,1737751413696,1030,0.0,2025-01-25 03:43:33.696000+09:00
2025-01-24 18:43:33.796000+00:00,21778.2,21780.0,0.0,0,1737751413796,1030,0.0,2025-01-25 03:43:33.796000+09:00
2025-01-24 18:43:34.497000+00:00,21777.9,21779.7,0.0,0,1737751414497,1030,0.0,2025-01-25 03:43:34.497000+09:00
2025-01-24 18:43:34.797000+00:00,21778.2,21780.0,0.0,0,1737751414797,1030,0.0,2025-01-25 03:43:34.797000+09:00
2025-01-24 18:43:34.997000+00:00,21778.5,21780.3,0.0,0,1737751414997,1030,0.0,2025-01-25 03:43:34.997000+09:00
2025-01-24 18:43:35.098000+00:00,21779.9,21781.7,0.0,0,1737751415098,1030,0.0,2025-01-25 03:43:35.098000+09:00
2025-01-24 18:43:35.196000+00:00,21779.7,21781.5,0.0,0,1737751415196,1030,0.0,2025-01-25 03:43:35.196000+09:00
2025-01-24 18:43:35.397000+00:00,21779.9,21781.7,0.0,0,1737751415397,1030,0.0,2025-01-25 03:43:35.397000+09:00
2025-01-24 18:43:35.497000+00:00,21779.8,21781.6,0.0,0,1737751415497,1030,0.0,2025-01-25 03:43:35.497000+09:00
2025-01-24 18:43:35.697000+00:00,21779.4,21781.2,0.0,0,1737751415697,1030,0.0,2025-01-25 03:43:35.697000+09:00
2025-01-24 18:43:35.797000+00:00,21779.2,21781.0,0.0,0,1737751415797,1030,0.0,2025-01-25 03:43:35.797000+09:00
2025-01-24 18:43:35.997000+00:00,21778.7,21780.5,0.0,0,1737751415997,1030,0.0,2025-01-25 03:43:35.997000+09:00
2025-01-24 18:43:36.298000+00:00,21777.9,21779.7,0.0,0,1737751416298,1030,0.0,2025-01-25 03:43:36.298000+09:00
2025-01-24 18:43:36.397000+00:00,21777.7,21779.5,0.0,0,1737751416397,1030,0.0,2025-01-25 03:43:36.397000+09:00
2025-01-24 18:43:36.598000+00:00,21777.9,21779.7,0.0,0,1737751416598,1030,0.0,2025-01-25 03:43:36.598000+09:00
2025-01-24 18:43:36.697000+00:00,21778.2,21780.0,0.0,0,1737751416697,1030,0.0,2025-01-25 03:43:36.697000+09:00
2025-01-24 18:43:36.798000+00:00,21777.9,21779.7,0.0,0,1737751416798,1030,0.0,2025-01-25 03:43:36.798000+09:00
2025-01-24 18:43:36.898000+00:00,21777.7,21779.5,0.0,0,1737751416898,1030,0.0,2025-01-25 03:43:36.898000+09:00
2025-01-24 18:43:37.197000+00:00,21777.4,21779.2,0.0,0,1737751417197,1030,0.0,2025-01-25 03:43:37.197000+09:00
2025-01-24 18:43:37.298000+00:00,21777.2,21779.0,0.0,0,1737751417298,1030,0.0,2025-01-25 03:43:37.298000+09:00
2025-01-24 18:43:37.798000+00:00,21777.4,21779.2,0.0,0,1737751417798,1030,0.0,2025-01-25 03:43:37.798000+09:00
2025-01-24 18:43:37.899000+00:00,21777.9,21779.7,0.0,0,1737751417899,1030,0.0,2025-01-25 03:43:37.899000+09:00
2025-01-24 18:43:39.299000+00:00,21777.4,21779.2,0.0,0,1737751419299,1030,0.0,2025-01-25 03:43:39.299000+09:00
2025-01-24 18:43:39.699000+00:00,21777.7,21779.5,0.0,0,1737751419699,1030,0.0,2025-01-25 03:43:39.699000+09:00
2025-01-24 18:43:39.899000+00:00,21777.5,21779.3,0.0,0,1737751419899,1030,0.0,2025-01-25 03:43:39.899000+09:00
2025-01-24 18:43:39.999000+00:00,21777.4,21779.2,0.0,0,1737751419999,1030,0.0,2025-01-25 03:43:39.999000+09:00
2025-01-24 18:43:40.699000+00:00,21777.3,21779.1,0.0,0,1737751420699,1030,0.0,2025-01-25 03:43:40.699000+09:00
2025-01-24 18:43:40.799000+00:00,21777.4,21779.2,0.0,0,1737751420799,1030,0.0,2025-01-25 03:43:40.799000+09:00
2025-01-24 18:43:41.597000+00:00,21777.6,21779.5,0.0,0,1737751421597,1030,0.0,2025-01-25 03:43:41.597000+09:00
2025-01-24 18:43:41.901000+00:00,21777.9,21779.8,0.0,0,1737751421901,1030,0.0,2025-01-25 03:43:41.901000+09:00
2025-01-24 18:43:42.111000+00:00,21778.1,21780.0,0.0,0,1737751422111,1030,0.0,2025-01-25 03:43:42.111000+09:00
2025-01-24 18:43:42.210000+00:00,21778.2,21780.1,0.0,0,1737751422210,1030,0.0,2025-01-25 03:43:42.210000+09:00
2025-01-24 18:43:42.310000+00:00,21778.7,21780.6,0.0,0,1737751422310,1030,0.0,2025-01-25 03:43:42.310000+09:00
2025-01-24 18:43:42.510000+00:00,21778.6,21780.5,0.0,0,1737751422510,1030,0.0,2025-01-25 03:43:42.510000+09:00
2025-01-24 18:43:42.610000+00:00,21778.4,21780.3,0.0,0,1737751422610,1030,0.0,2025-01-25 03:43:42.610000+09:00
2025-01-24 18:43:42.912000+00:00,21778.6,21780.5,0.0,0,1737751422912,1030,0.0,2025-01-25 03:43:42.912000+09:00
2025-01-24 18:43:43.011000+00:00,21778.4,21780.3,0.0,0,1737751423011,1030,0.0,2025-01-25 03:43:43.011000+09:00
2025-01-24 18:43:43.312000+00:00,21778.9,21780.8,0.0,0,1737751423312,1030,0.0,2025-01-25 03:43:43.312000+09:00
2025-01-24 18:43:43.411000+00:00,21778.6,21780.5,0.0,0,1737751423411,1030,0.0,2025-01-25 03:43:43.411000+09:00
2025-01-24 18:43:43.511000+00:00,21778.4,21780.3,0.0,0,1737751423511,1030,0.0,2025-01-25 03:43:43.511000+09:00
2025-01-24 18:43:44.414000+00:00,21777.9,21779.8,0.0,0,1737751424414,1030,0.0,2025-01-25 03:43:44.414000+09:00
2025-01-24 18:43:44.713000+00:00,21778.1,21780.0,0.0,0,1737751424713,1030,0.0,2025-01-25 03:43:44.713000+09:00
2025-01-24 18:43:45.514000+00:00,21778.4,21780.3,0.0,0,1737751425514,1030,0.0,2025-01-25 03:43:45.514000+09:00
2025-01-24 18:43:45.714000+00:00,21778.1,21780.0,0.0,0,1737751425714,1030,0.0,2025-01-25 03:43:45.714000+09:00
2025-01-24 18:43:46.014000+00:00,21777.9,21779.8,0.0,0,1737751426014,1030,0.0,2025-01-25 03:43:46.014000+09:00
2025-01-24 18:43:46.214000+00:00,21776.6,21778.5,0.0,0,1737751426214,1030,0.0,2025-01-25 03:43:46.214000+09:00
2025-01-24 18:43:46.313000+00:00,21776.1,21778.0,0.0,0,1737751426313,1030,0.0,2025-01-25 03:43:46.313000+09:00
2025-01-24 18:43:46.413000+00:00,21775.9,21777.8,0.0,0,1737751426413,1030,0.0,2025-01-25 03:43:46.413000+09:00
2025-01-24 18:43:47.016000+00:00,21775.6,21777.5,0.0,0,1737751427016,1030,0.0,2025-01-25 03:43:47.016000+09:00
2025-01-24 18:43:47.817000+00:00,21775.9,21777.8,0.0,0,1737751427817,1030,0.0,2025-01-25 03:43:47.817000+09:00
2025-01-24 18:43:48.016000+00:00,21775.6,21777.5,0.0,0,1737751428016,1030,0.0,2025-01-25 03:43:48.016000+09:00
2025-01-24 18:43:48.417000+00:00,21775.9,21777.8,0.0,0,1737751428417,1030,0.0,2025-01-25 03:43:48.417000+09:00
2025-01-24 18:43:48.516000+00:00,21775.6,21777.5,0.0,0,1737751428516,1030,0.0,2025-01-25 03:43:48.516000+09:00
2025-01-24 18:43:48.817000+00:00,21775.5,21777.4,0.0,0,1737751428817,1030,0.0,2025-01-25 03:43:48.817000+09:00
2025-01-24 18:43:48.917000+00:00,21775.6,21777.5,0.0,0,1737751428917,1030,0.0,2025-01-25 03:43:48.917000+09:00
2025-01-24 18:43:49.117000+00:00,21775.9,21777.8,0.0,0,1737751429117,1030,0.0,2025-01-25 03:43:49.117000+09:00
2025-01-24 18:43:49.617000+00:00,21775.6,21777.5,0.0,0,1737751429617,1030,0.0,2025-01-25 03:43:49.617000+09:00
2025-01-24 18:43:49.817000+00:00,21775.7,21777.6,0.0,0,1737751429817,1030,0.0,2025-01-25 03:43:49.817000+09:00
2025-01-24 18:43:49.918000+00:00,21775.9,21777.8,0.0,0,1737751429918,1030,0.0,2025-01-25 03:43:49.918000+09:00
2025-01-24 18:43:50.117000+00:00,21775.6,21777.5,0.0,0,1737751430117,1030,0.0,2025-01-25 03:43:50.117000+09:00
2025-01-24 18:43:50.318000+00:00,21776.5,21778.4,0.0,0,1737751430318,1030,0.0,2025-01-25 03:43:50.318000+09:00
2025-01-24 18:43:50.418000+00:00,21776.2,21778.1,0.0,0,1737751430418,1030,0.0,2025-01-25 03:43:50.418000+09:00
2025-01-24 18:43:50.619000+00:00,21776.5,21778.4,0.0,0,1737751430619,1030,0.0,2025-01-25 03:43:50.619000+09:00
2025-01-24 18:43:50.717000+00:00,21776.1,21778.0,0.0,0,1737751430717,1030,0.0,2025-01-25 03:43:50.717000+09:00
2025-01-24 18:43:50.918000+00:00,21775.9,21777.8,0.0,0,1737751430918,1030,0.0,2025-01-25 03:43:50.918000+09:00
2025-01-24 18:43:51.420000+00:00,21776.2,21778.1,0.0,0,1737751431420,1030,0.0,2025-01-25 03:43:51.420000+09:00
2025-01-24 18:43:51.920000+00:00,21776.4,21778.3,0.0,0,1737751431920,1030,0.0,2025-01-25 03:43:51.920000+09:00
2025-01-24 18:43:52.021000+00:00,21776.0,21777.9,0.0,0,1737751432021,1030,0.0,2025-01-25 03:43:52.021000+09:00
2025-01-24 18:43:52.421000+00:00,21776.1,21778.0,0.0,0,1737751432421,1030,0.0,2025-01-25 03:43:52.421000+09:00
2025-01-24 18:43:52.521000+00:00,21775.9,21777.8,0.0,0,1737751432521,1030,0.0,2025-01-25 03:43:52.521000+09:00
2025-01-24 18:43:52.721000+00:00,21775.6,21777.5,0.0,0,1737751432721,1030,0.0,2025-01-25 03:43:52.721000+09:00
2025-01-24 18:43:52.921000+00:00,21775.9,21777.8,0.0,0,1737751432921,1030,0.0,2025-01-25 03:43:52.921000+09:00
2025-01-24 18:43:53.121000+00:00,21775.6,21777.5,0.0,0,1737751433121,1030,0.0,2025-01-25 03:43:53.121000+09:00
2025-01-24 18:43:53.221000+00:00,21775.4,21777.3,0.0,0,1737751433221,1030,0.0,2025-01-25 03:43:53.221000+09:00
2025-01-24 18:43:53.421000+00:00,21775.6,21777.5,0.0,0,1737751433421,1030,0.0,2025-01-25 03:43:53.421000+09:00
2025-01-24 18:43:53.521000+00:00,21775.4,21777.3,0.0,0,1737751433521,1030,0.0,2025-01-25 03:43:53.521000+09:00
2025-01-24 18:43:53.621000+00:00,21775.6,21777.5,0.0,0,1737751433621,1030,0.0,2025-01-25 03:43:53.621000+09:00
2025-01-24 18:43:54.122000+00:00,21775.9,21777.8,0.0,0,1737751434122,1030,0.0,2025-01-25 03:43:54.122000+09:00
2025-01-24 18:43:54.422000+00:00,21776.0,21777.9,0.0,0,1737751434422,1030,0.0,2025-01-25 03:43:54.422000+09:00
2025-01-24 18:43:54.522000+00:00,21775.9,21777.8,0.0,0,1737751434522,1030,0.0,2025-01-25 03:43:54.522000+09:00
2025-01-24 18:43:54.621000+00:00,21776.5,21778.4,0.0,0,1737751434621,1030,0.0,2025-01-25 03:43:54.621000+09:00
2025-01-24 18:43:54.721000+00:00,21776.4,21778.3,0.0,0,1737751434721,1030,0.0,2025-01-25 03:43:54.721000+09:00
2025-01-24 18:43:54.922000+00:00,21776.2,21778.1,0.0,0,1737751434922,1030,0.0,2025-01-25 03:43:54.922000+09:00
2025-01-24 18:43:55.023000+00:00,21775.9,21777.8,0.0,0,1737751435023,1030,0.0,2025-01-25 03:43:55.023000+09:00
2025-01-24 18:43:55.424000+00:00,21776.1,21778.0,0.0,0,1737751435424,1030,0.0,2025-01-25 03:43:55.424000+09:00
2025-01-24 18:43:55.924000+00:00,21776.4,21778.3,0.0,0,1737751435924,1030,0.0,2025-01-25 03:43:55.924000+09:00
2025-01-24 18:43:56.024000+00:00,21776.1,21778.0,0.0,0,1737751436024,1030,0.0,2025-01-25 03:43:56.024000+09:00
2025-01-24 18:43:56.524000+00:00,21776.0,21777.9,0.0,0,1737751436524,1030,0.0,2025-01-25 03:43:56.524000+09:00
2025-01-24 18:43:56.624000+00:00,21776.1,21778.0,0.0,0,1737751436624,1030,0.0,2025-01-25 03:43:56.624000+09:00
2025-01-24 18:43:57.025000+00:00,21776.4,21778.3,0.0,0,1737751437025,1030,0.0,2025-01-25 03:43:57.025000+09:00
2025-01-24 18:43:57.126000+00:00,21776.6,21778.5,0.0,0,1737751437126,1030,0.0,2025-01-25 03:43:57.126000+09:00
2025-01-24 18:43:57.226000+00:00,21776.4,21778.3,0.0,0,1737751437226,1030,0.0,2025-01-25 03:43:57.226000+09:00
2025-01-24 18:43:57.326000+00:00,21775.9,21777.8,0.0,0,1737751437326,1030,0.0,2025-01-25 03:43:57.326000+09:00
2025-01-24 18:43:57.626000+00:00,21776.4,21778.3,0.0,0,1737751437626,1030,0.0,2025-01-25 03:43:57.626000+09:00
2025-01-24 18:43:57.727000+00:00,21776.1,21778.0,0.0,0,1737751437727,1030,0.0,2025-01-25 03:43:57.727000+09:00
2025-01-24 18:43:57.826000+00:00,21776.4,21778.3,0.0,0,1737751437826,1030,0.0,2025-01-25 03:43:57.826000+09:00
2025-01-24 18:43:58.226000+00:00,21776.1,21778.0,0.0,0,1737751438226,1030,0.0,2025-01-25 03:43:58.226000+09:00
2025-01-24 18:43:58.425000+00:00,21776.4,21778.3,0.0,0,1737751438425,1030,0.0,2025-01-25 03:43:58.425000+09:00
2025-01-24 18:43:58.526000+00:00,21776.1,21778.0,0.0,0,1737751438526,1030,0.0,2025-01-25 03:43:58.526000+09:00
2025-01-24 18:43:58.826000+00:00,21775.6,21777.5,0.0,0,1737751438826,1030,0.0,2025-01-25 03:43:58.826000+09:00
2025-01-24 18:43:59.026000+00:00,21775.1,21777.0,0.0,0,1737751439026,1030,0.0,2025-01-25 03:43:59.026000+09:00
2025-01-24 18:43:59.125000+00:00,21775.4,21777.3,0.0,0,1737751439125,1030,0.0,2025-01-25 03:43:59.125000+09:00
2025-01-24 18:43:59.827000+00:00,21775.1,21777.0,0.0,0,1737751439827,1030,0.0,2025-01-25 03:43:59.827000+09:00
2025-01-24 18:44:00.227000+00:00,21775.0,21776.9,0.0,0,1737751440227,1030,0.0,2025-01-25 03:44:00.227000+09:00
2025-01-24 18:44:00.327000+00:00,21775.4,21777.3,0.0,0,1737751440327,1030,0.0,2025-01-25 03:44:00.327000+09:00
2025-01-24 18:44:00.527000+00:00,21775.2,21777.1,0.0,0,1737751440527,1030,0.0,2025-01-25 03:44:00.527000+09:00
2025-01-24 18:44:00.626000+00:00,21775.1,21777.0,0.0,0,1737751440626,1030,0.0,2025-01-25 03:44:00.626000+09:00
2025-01-24 18:44:00.829000+00:00,21775.4,21777.3,0.0,0,1737751440829,1030,0.0,2025-01-25 03:44:00.829000+09:00
2025-01-24 18:44:00.928000+00:00,21775.1,21777.0,0.0,0,1737751440928,1030,0.0,2025-01-25 03:44:00.928000+09:00
2025-01-24 18:44:01.027000+00:00,21774.4,21776.3,0.0,0,1737751441027,1030,0.0,2025-01-25 03:44:01.027000+09:00
2025-01-24 18:44:01.226000+00:00,21774.6,21776.5,0.0,0,1737751441226,1030,0.0,2025-01-25 03:44:01.226000+09:00
2025-01-24 18:44:01.327000+00:00,21774.4,21776.3,0.0,0,1737751441327,1030,0.0,2025-01-25 03:44:01.327000+09:00
2025-01-24 18:44:01.427000+00:00,21774.2,21776.1,0.0,0,1737751441427,1030,0.0,2025-01-25 03:44:01.427000+09:00
2025-01-24 18:44:01.527000+00:00,21774.4,21776.3,0.0,0,1737751441527,1030,0.0,2025-01-25 03:44:01.527000+09:00
2025-01-24 18:44:01.626000+00:00,21774.1,21776.0,0.0,0,1737751441626,1030,0.0,2025-01-25 03:44:01.626000+09:00
2025-01-24 18:44:01.726000+00:00,21773.6,21775.5,0.0,0,1737751441726,1030,0.0,2025-01-25 03:44:01.726000+09:00
2025-01-24 18:44:01.827000+00:00,21773.7,21775.6,0.0,0,1737751441827,1030,0.0,2025-01-25 03:44:01.827000+09:00
2025-01-24 18:44:01.927000+00:00,21774.1,21776.0,0.0,0,1737751441927,1030,0.0,2025-01-25 03:44:01.927000+09:00
2025-01-24 18:44:02.128000+00:00,21773.9,21775.8,0.0,0,1737751442128,1030,0.0,2025-01-25 03:44:02.128000+09:00
2025-01-24 18:44:02.426000+00:00,21773.6,21775.5,0.0,0,1737751442426,1030,0.0,2025-01-25 03:44:02.426000+09:00
2025-01-24 18:44:02.626000+00:00,21773.4,21775.3,0.0,0,1737751442626,1030,0.0,2025-01-25 03:44:02.626000+09:00
2025-01-24 18:44:02.726000+00:00,21773.6,21775.5,0.0,0,1737751442726,1030,0.0,2025-01-25 03:44:02.726000+09:00
2025-01-24 18:44:02.926000+00:00,21772.6,21774.5,0.0,0,1737751442926,1030,0.0,2025-01-25 03:44:02.926000+09:00
2025-01-24 18:44:03.127000+00:00,21772.4,21774.3,0.0,0,1737751443127,1030,0.0,2025-01-25 03:44:03.127000+09:00
2025-01-24 18:44:03.228000+00:00,21770.7,21772.6,0.0,0,1737751443228,1030,0.0,2025-01-25 03:44:03.228000+09:00
2025-01-24 18:44:03.330000+00:00,21771.2,21773.1,0.0,0,1737751443330,1030,0.0,2025-01-25 03:44:03.330000+09:00
2025-01-24 18:44:03.429000+00:00,21771.4,21773.3,0.0,0,1737751443429,1030,0.0,2025-01-25 03:44:03.429000+09:00
2025-01-24 18:44:03.629000+00:00,21771.0,21772.9,0.0,0,1737751443629,1030,0.0,2025-01-25 03:44:03.629000+09:00
2025-01-24 18:44:03.729000+00:00,21771.4,21773.3,0.0,0,1737751443729,1030,0.0,2025-01-25 03:44:03.729000+09:00
2025-01-24 18:44:03.930000+00:00,21771.2,21773.1,0.0,0,1737751443930,1030,0.0,2025-01-25 03:44:03.930000+09:00
2025-01-24 18:44:04.030000+00:00,21771.1,21773.0,0.0,0,1737751444030,1030,0.0,2025-01-25 03:44:04.030000+09:00
2025-01-24 18:44:04.132000+00:00,21771.5,21773.4,0.0,0,1737751444132,1030,0.0,2025-01-25 03:44:04.132000+09:00
2025-01-24 18:44:04.231000+00:00,21771.2,21773.1,0.0,0,1737751444231,1030,0.0,2025-01-25 03:44:04.231000+09:00
2025-01-24 18:44:04.331000+00:00,21770.9,21772.8,0.0,0,1737751444331,1030,0.0,2025-01-25 03:44:04.331000+09:00
2025-01-24 18:44:04.431000+00:00,21770.5,21772.4,0.0,0,1737751444431,1030,0.0,2025-01-25 03:44:04.431000+09:00
2025-01-24 18:44:04.531000+00:00,21770.9,21772.8,0.0,0,1737751444531,1030,0.0,2025-01-25 03:44:04.531000+09:00
2025-01-24 18:44:05.031000+00:00,21770.4,21772.3,0.0,0,1737751445031,1030,0.0,2025-01-25 03:44:05.031000+09:00
2025-01-24 18:44:05.232000+00:00,21770.2,21772.1,0.0,0,1737751445232,1030,0.0,2025-01-25 03:44:05.232000+09:00
2025-01-24 18:44:05.332000+00:00,21769.6,21771.5,0.0,0,1737751445332,1030,0.0,2025-01-25 03:44:05.332000+09:00
2025-01-24 18:44:05.433000+00:00,21769.4,21771.3,0.0,0,1737751445433,1030,0.0,2025-01-25 03:44:05.433000+09:00
2025-01-24 18:44:05.532000+00:00,21769.6,21771.5,0.0,0,1737751445532,1030,0.0,2025-01-25 03:44:05.532000+09:00
2025-01-24 18:44:05.933000+00:00,21769.9,21771.8,0.0,0,1737751445933,1030,0.0,2025-01-25 03:44:05.933000+09:00
2025-01-24 18:44:06.033000+00:00,21769.4,21771.3,0.0,0,1737751446033,1030,0.0,2025-01-25 03:44:06.033000+09:00
2025-01-24 18:44:06.132000+00:00,21769.1,21771.0,0.0,0,1737751446132,1030,0.0,2025-01-25 03:44:06.132000+09:00
2025-01-24 18:44:06.232000+00:00,21769.4,21771.3,0.0,0,1737751446232,1030,0.0,2025-01-25 03:44:06.232000+09:00
2025-01-24 18:44:06.632000+00:00,21769.5,21771.4,0.0,0,1737751446632,1030,0.0,2025-01-25 03:44:06.632000+09:00
2025-01-24 18:44:06.733000+00:00,21769.1,21771.0,0.0,0,1737751446733,1030,0.0,2025-01-25 03:44:06.733000+09:00
2025-01-24 18:44:06.833000+00:00,21769.4,21771.3,0.0,0,1737751446833,1030,0.0,2025-01-25 03:44:06.833000+09:00
2025-01-24 18:44:06.933000+00:00,21769.1,21771.0,0.0,0,1737751446933,1030,0.0,2025-01-25 03:44:06.933000+09:00
2025-01-24 18:44:07.034000+00:00,21769.4,21771.3,0.0,0,1737751447034,1030,0.0,2025-01-25 03:44:07.034000+09:00
2025-01-24 18:44:07.234000+00:00,21769.6,21771.5,0.0,0,1737751447234,1030,0.0,2025-01-25 03:44:07.234000+09:00
2025-01-24 18:44:07.336000+00:00,21769.9,21771.8,0.0,0,1737751447336,1030,0.0,2025-01-25 03:44:07.336000+09:00
2025-01-24 18:44:07.835000+00:00,21769.4,21771.3,0.0,0,1737751447835,1030,0.0,2025-01-25 03:44:07.835000+09:00
2025-01-24 18:44:07.935000+00:00,21769.6,21771.5,0.0,0,1737751447935,1030,0.0,2025-01-25 03:44:07.935000+09:00
2025-01-24 18:44:08.036000+00:00,21769.9,21771.8,0.0,0,1737751448036,1030,0.0,2025-01-25 03:44:08.036000+09:00
2025-01-24 18:44:08.236000+00:00,21770.1,21772.0,0.0,0,1737751448236,1030,0.0,2025-01-25 03:44:08.236000+09:00
2025-01-24 18:44:08.636000+00:00,21771.0,21772.9,0.0,0,1737751448636,1030,0.0,2025-01-25 03:44:08.636000+09:00
2025-01-24 18:44:08.736000+00:00,21771.2,21773.1,0.0,0,1737751448736,1030,0.0,2025-01-25 03:44:08.736000+09:00
2025-01-24 18:44:08.836000+00:00,21771.1,21773.0,0.0,0,1737751448836,1030,0.0,2025-01-25 03:44:08.836000+09:00
2025-01-24 18:44:08.935000+00:00,21770.7,21772.6,0.0,0,1737751448935,1030,0.0,2025-01-25 03:44:08.935000+09:00
2025-01-24 18:44:09.035000+00:00,21771.1,21773.0,0.0,0,1737751449035,1030,0.0,2025-01-25 03:44:09.035000+09:00
2025-01-24 18:44:09.136000+00:00,21771.0,21772.9,0.0,0,1737751449136,1030,0.0,2025-01-25 03:44:09.136000+09:00
2025-01-24 18:44:09.236000+00:00,21770.9,21772.8,0.0,0,1737751449236,1030,0.0,2025-01-25 03:44:09.236000+09:00
2025-01-24 18:44:09.335000+00:00,21771.0,21772.9,0.0,0,1737751449335,1030,0.0,2025-01-25 03:44:09.335000+09:00
2025-01-24 18:44:09.436000+00:00,21770.9,21772.8,0.0,0,1737751449436,1030,0.0,2025-01-25 03:44:09.436000+09:00
2025-01-24 18:44:09.535000+00:00,21771.0,21772.9,0.0,0,1737751449535,1030,0.0,2025-01-25 03:44:09.535000+09:00
2025-01-24 18:44:09.636000+00:00,21770.9,21772.8,0.0,0,1737751449636,1030,0.0,2025-01-25 03:44:09.636000+09:00
2025-01-24 18:44:09.836000+00:00,21771.1,21773.0,0.0,0,1737751449836,1030,0.0,2025-01-25 03:44:09.836000+09:00
2025-01-24 18:44:09.937000+00:00,21771.0,21772.9,0.0,0,1737751449937,1030,0.0,2025-01-25 03:44:09.937000+09:00
2025-01-24 18:44:10.037000+00:00,21771.1,21773.0,0.0,0,1737751450037,1030,0.0,2025-01-25 03:44:10.037000+09:00
2025-01-24 18:44:10.137000+00:00,21771.0,21772.9,0.0,0,1737751450137,1030,0.0,2025-01-25 03:44:10.137000+09:00
2025-01-24 18:44:10.236000+00:00,21770.9,21772.8,0.0,0,1737751450236,1030,0.0,2025-01-25 03:44:10.236000+09:00
2025-01-24 18:44:10.336000+00:00,21771.1,21773.0,0.0,0,1737751450336,1030,0.0,2025-01-25 03:44:10.336000+09:00
2025-01-24 18:44:10.437000+00:00,21771.2,21773.1,0.0,0,1737751450437,1030,0.0,2025-01-25 03:44:10.437000+09:00
2025-01-24 18:44:10.537000+00:00,21771.4,21773.3,0.0,0,1737751450537,1030,0.0,2025-01-25 03:44:10.537000+09:00
2025-01-24 18:44:10.838000+00:00,21771.1,21773.0,0.0,0,1737751450838,1030,0.0,2025-01-25 03:44:10.838000+09:00
2025-01-24 18:44:11.238000+00:00,21770.5,21772.4,0.0,0,1737751451238,1030,0.0,2025-01-25 03:44:11.238000+09:00
2025-01-24 18:44:11.439000+00:00,21770.7,21772.6,0.0,0,1737751451439,1030,0.0,2025-01-25 03:44:11.439000+09:00
2025-01-24 18:44:11.539000+00:00,21770.0,21771.9,0.0,0,1737751451539,1030,0.0,2025-01-25 03:44:11.539000+09:00
2025-01-24 18:44:11.641000+00:00,21769.6,21771.5,0.0,0,1737751451641,1030,0.0,2025-01-25 03:44:11.641000+09:00
2025-01-24 18:44:12.240000+00:00,21769.4,21771.3,0.0,0,1737751452240,1030,0.0,2025-01-25 03:44:12.240000+09:00
2025-01-24 18:44:12.340000+00:00,21769.6,21771.5,0.0,0,1737751452340,1030,0.0,2025-01-25 03:44:12.340000+09:00
2025-01-24 18:44:12.840000+00:00,21769.4,21771.3,0.0,0,1737751452840,1030,0.0,2025-01-25 03:44:12.840000+09:00
2025-01-24 18:44:13.139000+00:00,21769.2,21771.1,0.0,0,1737751453139,1030,0.0,2025-01-25 03:44:13.139000+09:00
2025-01-24 18:44:13.239000+00:00,21769.4,21771.3,0.0,0,1737751453239,1030,0.0,2025-01-25 03:44:13.239000+09:00
2025-01-24 18:44:13.639000+00:00,21769.6,21771.5,0.0,0,1737751453639,1030,0.0,2025-01-25 03:44:13.639000+09:00
2025-01-24 18:44:13.839000+00:00,21769.5,21771.4,0.0,0,1737751453839,1030,0.0,2025-01-25 03:44:13.839000+09:00
2025-01-24 18:44:13.940000+00:00,21769.6,21771.5,0.0,0,1737751453940,1030,0.0,2025-01-25 03:44:13.940000+09:00
2025-01-24 18:44:14.939000+00:00,21769.9,21771.8,0.0,0,1737751454939,1030,0.0,2025-01-25 03:44:14.939000+09:00
2025-01-24 18:44:15.041000+00:00,21770.1,21772.0,0.0,0,1737751455041,1030,0.0,2025-01-25 03:44:15.041000+09:00
2025-01-24 18:44:15.341000+00:00,21770.4,21772.3,0.0,0,1737751455341,1030,0.0,2025-01-25 03:44:15.341000+09:00
2025-01-24 18:44:15.440000+00:00,21770.6,21772.5,0.0,0,1737751455440,1030,0.0,2025-01-25 03:44:15.440000+09:00
2025-01-24 18:44:15.640000+00:00,21770.1,21772.0,0.0,0,1737751455640,1030,0.0,2025-01-25 03:44:15.640000+09:00
2025-01-24 18:44:16.141000+00:00,21770.4,21772.3,0.0,0,1737751456141,1030,0.0,2025-01-25 03:44:16.141000+09:00
2025-01-24 18:44:16.443000+00:00,21770.1,21772.0,0.0,0,1737751456443,1030,0.0,2025-01-25 03:44:16.443000+09:00
2025-01-24 18:44:16.642000+00:00,21770.4,21772.3,0.0,0,1737751456642,1030,0.0,2025-01-25 03:44:16.642000+09:00
2025-01-24 18:44:16.842000+00:00,21770.1,21772.0,0.0,0,1737751456842,1030,0.0,2025-01-25 03:44:16.842000+09:00
2025-01-24 18:44:16.942000+00:00,21770.0,21771.9,0.0,0,1737751456942,1030,0.0,2025-01-25 03:44:16.942000+09:00
2025-01-24 18:44:17.042000+00:00,21770.1,21772.0,0.0,0,1737751457042,1030,0.0,2025-01-25 03:44:17.042000+09:00
2025-01-24 18:44:17.142000+00:00,21769.9,21771.8,0.0,0,1737751457142,1030,0.0,2025-01-25 03:44:17.142000+09:00
2025-01-24 18:44:17.342000+00:00,21770.0,21771.9,0.0,0,1737751457342,1030,0.0,2025-01-25 03:44:17.342000+09:00
2025-01-24 18:44:17.542000+00:00,21769.9,21771.8,0.0,0,1737751457542,1030,0.0,2025-01-25 03:44:17.542000+09:00
2025-01-24 18:44:17.643000+00:00,21769.7,21771.6,0.0,0,1737751457643,1030,0.0,2025-01-25 03:44:17.643000+09:00
2025-01-24 18:44:17.741000+00:00,21770.0,21771.9,0.0,0,1737751457741,1030,0.0,2025-01-25 03:44:17.741000+09:00
2025-01-24 18:44:17.842000+00:00,21770.2,21772.1,0.0,0,1737751457842,1030,0.0,2025-01-25 03:44:17.842000+09:00
2025-01-24 18:44:17.942000+00:00,21770.4,21772.3,0.0,0,1737751457942,1030,0.0,2025-01-25 03:44:17.942000+09:00
2025-01-24 18:44:18.042000+00:00,21770.2,21772.1,0.0,0,1737751458042,1030,0.0,2025-01-25 03:44:18.042000+09:00
2025-01-24 18:44:18.142000+00:00,21769.9,21771.8,0.0,0,1737751458142,1030,0.0,2025-01-25 03:44:18.142000+09:00
2025-01-24 18:44:18.242000+00:00,21770.1,21772.0,0.0,0,1737751458242,1030,0.0,2025-01-25 03:44:18.242000+09:00
2025-01-24 18:44:18.542000+00:00,21770.4,21772.3,0.0,0,1737751458542,1030,0.0,2025-01-25 03:44:18.542000+09:00
2025-01-24 18:44:18.743000+00:00,21770.6,21772.5,0.0,0,1737751458743,1030,0.0,2025-01-25 03:44:18.743000+09:00
2025-01-24 18:44:19.243000+00:00,21770.5,21772.4,0.0,0,1737751459243,1030,0.0,2025-01-25 03:44:19.243000+09:00
2025-01-24 18:44:19.343000+00:00,21770.6,21772.5,0.0,0,1737751459343,1030,0.0,2025-01-25 03:44:19.343000+09:00
2025-01-24 18:44:19.444000+00:00,21770.7,21772.6,0.0,0,1737751459444,1030,0.0,2025-01-25 03:44:19.444000+09:00
2025-01-24 18:44:19.645000+00:00,21770.9,21772.8,0.0,0,1737751459645,1030,0.0,2025-01-25 03:44:19.645000+09:00
2025-01-24 18:44:19.746000+00:00,21770.6,21772.5,0.0,0,1737751459746,1030,0.0,2025-01-25 03:44:19.746000+09:00
2025-01-24 18:44:20.545000+00:00,21770.9,21772.8,0.0,0,1737751460545,1030,0.0,2025-01-25 03:44:20.545000+09:00
2025-01-24 18:44:20.645000+00:00,21771.0,21772.9,0.0,0,1737751460645,1030,0.0,2025-01-25 03:44:20.645000+09:00
2025-01-24 18:44:20.746000+00:00,21770.6,21772.5,0.0,0,1737751460746,1030,0.0,2025-01-25 03:44:20.746000+09:00
2025-01-24 18:44:20.947000+00:00,21770.4,21772.3,0.0,0,1737751460947,1030,0.0,2025-01-25 03:44:20.947000+09:00
2025-01-24 18:44:21.147000+00:00,21770.6,21772.5,0.0,0,1737751461147,1030,0.0,2025-01-25 03:44:21.147000+09:00
2025-01-24 18:44:21.347000+00:00,21770.4,21772.3,0.0,0,1737751461347,1030,0.0,2025-01-25 03:44:21.347000+09:00
2025-01-24 18:44:21.547000+00:00,21770.5,21772.4,0.0,0,1737751461547,1030,0.0,2025-01-25 03:44:21.547000+09:00
2025-01-24 18:44:21.647000+00:00,21770.4,21772.3,0.0,0,1737751461647,1030,0.0,2025-01-25 03:44:21.647000+09:00
2025-01-24 18:44:22.349000+00:00,21770.1,21772.0,0.0,0,1737751462349,1030,0.0,2025-01-25 03:44:22.349000+09:00
2025-01-24 18:44:22.448000+00:00,21770.4,21772.3,0.0,0,1737751462448,1030,0.0,2025-01-25 03:44:22.448000+09:00
2025-01-24 18:44:23.149000+00:00,21770.6,21772.5,0.0,0,1737751463149,1030,0.0,2025-01-25 03:44:23.149000+09:00
2025-01-24 18:44:23.349000+00:00,21770.4,21772.3,0.0,0,1737751463349,1030,0.0,2025-01-25 03:44:23.349000+09:00
